Category,Column,Row Indices
DUPLICATE_ROWS,Row Group,3313-4371
DUPLICATE_ROWS,Row Group,5454-6503
DUPLICATE_ROWS,Row Group,3316-4374
DUPLICATE_ROWS,Row Group,5457-6506
DUPLICATE_ROWS,Row Group,3314-4372
DUPLICATE_ROWS,Row Group,5456-6505
DUPLICATE_ROWS,Row Group,3315-4373
DUPLICATE_ROWS,Row Group,3317-4375-5458
DUPLICATE_ROWS,Row Group,5459-6507
DUPLICATE_ROWS,Row Group,4-1075
DUPLICATE_ROWS,Row Group,3318-4376
DUPLICATE_ROWS,Row Group,5-1076
DUPLICATE_ROWS,Row Group,5461-6509
DUPLICATE_ROWS,Row Group,4378-5462
DUPLICATE_ROWS,Row Group,4379-5463-6510
DUPLICATE_ROWS,Row Group,2210-3321
DUPLICATE_ROWS,Row Group,4380-5464-6511
DUPLICATE_ROWS,Row Group,4381-5465
DUPLICATE_ROWS,Row Group,12-1081
DUPLICATE_ROWS,Row Group,2211-3322
DUPLICATE_ROWS,Row Group,3323-4383
DUPLICATE_ROWS,Row Group,5467-6513
DUPLICATE_ROWS,Row Group,3324-4384
DUPLICATE_ROWS,Row Group,3325-4385
DUPLICATE_ROWS,Row Group,3326-4386
DUPLICATE_ROWS,Row Group,5468-6514
DUPLICATE_ROWS,Row Group,5469-6515
DUPLICATE_ROWS,Row Group,5471-6517
DUPLICATE_ROWS,Row Group,5472-6518
DUPLICATE_ROWS,Row Group,5475-6521
DUPLICATE_ROWS,Row Group,3327-4390
DUPLICATE_ROWS,Row Group,4389-5474-6520
DUPLICATE_ROWS,Row Group,13-1082
DUPLICATE_ROWS,Row Group,5476-6522
DUPLICATE_ROWS,Row Group,15-1084
DUPLICATE_ROWS,Row Group,17-1086
DUPLICATE_ROWS,Row Group,3332-4393
DUPLICATE_ROWS,Row Group,3334-4395
DUPLICATE_ROWS,Row Group,3333-4394
DUPLICATE_ROWS,Row Group,27-1104
DUPLICATE_ROWS,Row Group,28-1105
DUPLICATE_ROWS,Row Group,30-1107
DUPLICATE_ROWS,Row Group,33-1110
DUPLICATE_ROWS,Row Group,37-1114
DUPLICATE_ROWS,Row Group,2243-4411
DUPLICATE_ROWS,Row Group,5492-6539
DUPLICATE_ROWS,Row Group,39-1117
DUPLICATE_ROWS,Row Group,4413-5494
DUPLICATE_ROWS,Row Group,3353-4414-5495
DUPLICATE_ROWS,Row Group,44-1122
DUPLICATE_ROWS,Row Group,5500-6546
DUPLICATE_ROWS,Row Group,2259-3365-4430
DUPLICATE_ROWS,Row Group,2260-3366-4431
DUPLICATE_ROWS,Row Group,2261-3367
DUPLICATE_ROWS,Row Group,5509-6558
DUPLICATE_ROWS,Row Group,3368-4434
DUPLICATE_ROWS,Row Group,5510-6559
DUPLICATE_ROWS,Row Group,1148-2262-3369
DUPLICATE_ROWS,Row Group,2263-3370
DUPLICATE_ROWS,Row Group,1150-2264-3371
DUPLICATE_ROWS,Row Group,2265-3372
DUPLICATE_ROWS,Row Group,1153-2266
DUPLICATE_ROWS,Row Group,74-1154-2267
DUPLICATE_ROWS,Row Group,3378-4440
DUPLICATE_ROWS,Row Group,3379-4441
DUPLICATE_ROWS,Row Group,5517-6571
DUPLICATE_ROWS,Row Group,3416-4474
DUPLICATE_ROWS,Row Group,3417-4475
DUPLICATE_ROWS,Row Group,5536-6586
DUPLICATE_ROWS,Row Group,5546-6597
DUPLICATE_ROWS,Row Group,5547-6599
DUPLICATE_ROWS,Row Group,5548-6598
DUPLICATE_ROWS,Row Group,5549-6600
DUPLICATE_ROWS,Row Group,5551-6603
DUPLICATE_ROWS,Row Group,5553-6604
DUPLICATE_ROWS,Row Group,122-1228
DUPLICATE_ROWS,Row Group,3433-4490
DUPLICATE_ROWS,Row Group,124-1232
DUPLICATE_ROWS,Row Group,3435-4494
DUPLICATE_ROWS,Row Group,3436-4495
DUPLICATE_ROWS,Row Group,3442-4500
DUPLICATE_ROWS,Row Group,3443-4505
DUPLICATE_ROWS,Row Group,3445-4503
DUPLICATE_ROWS,Row Group,5568-6630
DUPLICATE_ROWS,Row Group,3447-4508-5572
DUPLICATE_ROWS,Row Group,3448-4506
DUPLICATE_ROWS,Row Group,5573-6635
DUPLICATE_ROWS,Row Group,138-1251
DUPLICATE_ROWS,Row Group,5575-6640
DUPLICATE_ROWS,Row Group,141-1254
DUPLICATE_ROWS,Row Group,142-1255
DUPLICATE_ROWS,Row Group,143-1256
DUPLICATE_ROWS,Row Group,2362-3456-4516
DUPLICATE_ROWS,Row Group,5576-6641
DUPLICATE_ROWS,Row Group,5578-6643
DUPLICATE_ROWS,Row Group,5583-6648
DUPLICATE_ROWS,Row Group,148-1261
DUPLICATE_ROWS,Row Group,152-1265
DUPLICATE_ROWS,Row Group,5588-6650
DUPLICATE_ROWS,Row Group,3466-4526
DUPLICATE_ROWS,Row Group,3467-4527
DUPLICATE_ROWS,Row Group,3470-4530
DUPLICATE_ROWS,Row Group,3472-4532
DUPLICATE_ROWS,Row Group,5592-6665
DUPLICATE_ROWS,Row Group,3475-4535
DUPLICATE_ROWS,Row Group,3476-4536
DUPLICATE_ROWS,Row Group,3479-4539
DUPLICATE_ROWS,Row Group,184-1285
DUPLICATE_ROWS,Row Group,5600-6667
DUPLICATE_ROWS,Row Group,5601-6668
DUPLICATE_ROWS,Row Group,4541-5602
DUPLICATE_ROWS,Row Group,4542-5603
DUPLICATE_ROWS,Row Group,3483-4543
DUPLICATE_ROWS,Row Group,3484-4544-5605
DUPLICATE_ROWS,Row Group,2397-4545
DUPLICATE_ROWS,Row Group,3489-4549
DUPLICATE_ROWS,Row Group,3490-4550
DUPLICATE_ROWS,Row Group,3491-4551
DUPLICATE_ROWS,Row Group,3498-4558
DUPLICATE_ROWS,Row Group,3502-4562
DUPLICATE_ROWS,Row Group,3503-4563
DUPLICATE_ROWS,Row Group,196-1304
DUPLICATE_ROWS,Row Group,3505-4565
DUPLICATE_ROWS,Row Group,3506-4566
DUPLICATE_ROWS,Row Group,3507-4567
DUPLICATE_ROWS,Row Group,197-1307
DUPLICATE_ROWS,Row Group,201-1311
DUPLICATE_ROWS,Row Group,203-1313
DUPLICATE_ROWS,Row Group,3510-4570
DUPLICATE_ROWS,Row Group,5611-6678
DUPLICATE_ROWS,Row Group,5616-6683
DUPLICATE_ROWS,Row Group,5620-6686
DUPLICATE_ROWS,Row Group,5624-6690
DUPLICATE_ROWS,Row Group,5625-6691
DUPLICATE_ROWS,Row Group,5626-6692
DUPLICATE_ROWS,Row Group,204-1314
DUPLICATE_ROWS,Row Group,207-1318
DUPLICATE_ROWS,Row Group,208-1321
DUPLICATE_ROWS,Row Group,5643-6696
DUPLICATE_ROWS,Row Group,3526-4583
DUPLICATE_ROWS,Row Group,234-1334
DUPLICATE_ROWS,Row Group,3531-4588
DUPLICATE_ROWS,Row Group,5648-6700
DUPLICATE_ROWS,Row Group,239-1337
DUPLICATE_ROWS,Row Group,3534-4595
DUPLICATE_ROWS,Row Group,2450-3539-4599
DUPLICATE_ROWS,Row Group,3542-4597
DUPLICATE_ROWS,Row Group,3544-4600
DUPLICATE_ROWS,Row Group,2447-4590
DUPLICATE_ROWS,Row Group,3537-4592
DUPLICATE_ROWS,Row Group,2456-4604
DUPLICATE_ROWS,Row Group,3547-4605
DUPLICATE_ROWS,Row Group,3548-4606
DUPLICATE_ROWS,Row Group,248-1346
DUPLICATE_ROWS,Row Group,3551-4609
DUPLICATE_ROWS,Row Group,3552-4610
DUPLICATE_ROWS,Row Group,257-1355
DUPLICATE_ROWS,Row Group,251-1349
DUPLICATE_ROWS,Row Group,3555-4613
DUPLICATE_ROWS,Row Group,3557-4615
DUPLICATE_ROWS,Row Group,2474-3560
DUPLICATE_ROWS,Row Group,2475-3561
DUPLICATE_ROWS,Row Group,3558-4616
DUPLICATE_ROWS,Row Group,5652-6705
DUPLICATE_ROWS,Row Group,5656-6709
DUPLICATE_ROWS,Row Group,5665-6721
DUPLICATE_ROWS,Row Group,5668-6724
DUPLICATE_ROWS,Row Group,5669-6725
DUPLICATE_ROWS,Row Group,5670-6726
DUPLICATE_ROWS,Row Group,5672-6728
DUPLICATE_ROWS,Row Group,5671-6727
DUPLICATE_ROWS,Row Group,3563-4621
DUPLICATE_ROWS,Row Group,2480-3566-4624
DUPLICATE_ROWS,Row Group,3568-4626
DUPLICATE_ROWS,Row Group,2481-3567-4625
DUPLICATE_ROWS,Row Group,3564-4622
DUPLICATE_ROWS,Row Group,270-1368
DUPLICATE_ROWS,Row Group,3571-4631
DUPLICATE_ROWS,Row Group,3572-4632
DUPLICATE_ROWS,Row Group,5677-6733
DUPLICATE_ROWS,Row Group,5682-6738
DUPLICATE_ROWS,Row Group,5679-6735
DUPLICATE_ROWS,Row Group,5678-6734
DUPLICATE_ROWS,Row Group,5684-6740
DUPLICATE_ROWS,Row Group,5686-6742
DUPLICATE_ROWS,Row Group,274-1381
DUPLICATE_ROWS,Row Group,3580-4634-5689-6744
DUPLICATE_ROWS,Row Group,4637-5692-6745
DUPLICATE_ROWS,Row Group,284-1385
DUPLICATE_ROWS,Row Group,3582-4638-5693-6746
DUPLICATE_ROWS,Row Group,287-1387
DUPLICATE_ROWS,Row Group,3584-4640-5695
DUPLICATE_ROWS,Row Group,286-1386
DUPLICATE_ROWS,Row Group,3583-4639-5694
DUPLICATE_ROWS,Row Group,289-1383
DUPLICATE_ROWS,Row Group,4636-5691
DUPLICATE_ROWS,Row Group,288-1382
DUPLICATE_ROWS,Row Group,4635-5690
DUPLICATE_ROWS,Row Group,3586-4642
DUPLICATE_ROWS,Row Group,5697-6747
DUPLICATE_ROWS,Row Group,292-1389
DUPLICATE_ROWS,Row Group,291-1388
DUPLICATE_ROWS,Row Group,2503-3587-4643
DUPLICATE_ROWS,Row Group,298-1391
DUPLICATE_ROWS,Row Group,3588-4644
DUPLICATE_ROWS,Row Group,3589-4645
DUPLICATE_ROWS,Row Group,3590-4646
DUPLICATE_ROWS,Row Group,3591-4647
DUPLICATE_ROWS,Row Group,3593-4651
DUPLICATE_ROWS,Row Group,300-1395
DUPLICATE_ROWS,Row Group,3594-4652
DUPLICATE_ROWS,Row Group,2510-3595-4654
DUPLICATE_ROWS,Row Group,3596-4655
DUPLICATE_ROWS,Row Group,3597-4656
DUPLICATE_ROWS,Row Group,303-1402
DUPLICATE_ROWS,Row Group,3598-4659
DUPLICATE_ROWS,Row Group,3599-4662
DUPLICATE_ROWS,Row Group,3600-4663
DUPLICATE_ROWS,Row Group,3601-4664
DUPLICATE_ROWS,Row Group,305-1407
DUPLICATE_ROWS,Row Group,3602-4665
DUPLICATE_ROWS,Row Group,306-1410
DUPLICATE_ROWS,Row Group,308-1409
DUPLICATE_ROWS,Row Group,3604-4667
DUPLICATE_ROWS,Row Group,307-1408
DUPLICATE_ROWS,Row Group,3603-4666
DUPLICATE_ROWS,Row Group,312-1404
DUPLICATE_ROWS,Row Group,3606-4669
DUPLICATE_ROWS,Row Group,2526-3607-4670
DUPLICATE_ROWS,Row Group,5698-6749
DUPLICATE_ROWS,Row Group,5699-6751
DUPLICATE_ROWS,Row Group,5700-6753
DUPLICATE_ROWS,Row Group,5701-6750
DUPLICATE_ROWS,Row Group,5704-6757
DUPLICATE_ROWS,Row Group,5705-6758
DUPLICATE_ROWS,Row Group,5707-6761
DUPLICATE_ROWS,Row Group,5710-6762
DUPLICATE_ROWS,Row Group,5714-6763
DUPLICATE_ROWS,Row Group,5716-6765
DUPLICATE_ROWS,Row Group,314-1413
DUPLICATE_ROWS,Row Group,315-1416
DUPLICATE_ROWS,Row Group,316-1417
DUPLICATE_ROWS,Row Group,317-1414
DUPLICATE_ROWS,Row Group,319-1418
DUPLICATE_ROWS,Row Group,320-1419
DUPLICATE_ROWS,Row Group,321-1420
DUPLICATE_ROWS,Row Group,322-1421
DUPLICATE_ROWS,Row Group,3608-4671
DUPLICATE_ROWS,Row Group,325-1423
DUPLICATE_ROWS,Row Group,324-1422
DUPLICATE_ROWS,Row Group,5721-6768
DUPLICATE_ROWS,Row Group,5722-6769
DUPLICATE_ROWS,Row Group,5723-6770
DUPLICATE_ROWS,Row Group,3611-4675
DUPLICATE_ROWS,Row Group,326-1425
DUPLICATE_ROWS,Row Group,2538-3610-4674
DUPLICATE_ROWS,Row Group,328-1427
DUPLICATE_ROWS,Row Group,3612-4676
DUPLICATE_ROWS,Row Group,329-1430
DUPLICATE_ROWS,Row Group,3615-4679
DUPLICATE_ROWS,Row Group,331-1429
DUPLICATE_ROWS,Row Group,3614-4678
DUPLICATE_ROWS,Row Group,3613-4677
DUPLICATE_ROWS,Row Group,5726-6772
DUPLICATE_ROWS,Row Group,3617-4680
DUPLICATE_ROWS,Row Group,3618-4681
DUPLICATE_ROWS,Row Group,5730-6773
DUPLICATE_ROWS,Row Group,5731-6774
DUPLICATE_ROWS,Row Group,332-1439
DUPLICATE_ROWS,Row Group,333-1441
DUPLICATE_ROWS,Row Group,334-1432
DUPLICATE_ROWS,Row Group,335-1433
DUPLICATE_ROWS,Row Group,337-1434
DUPLICATE_ROWS,Row Group,338-1435
DUPLICATE_ROWS,Row Group,339-1437
DUPLICATE_ROWS,Row Group,3627-4686-5734-6775
DUPLICATE_ROWS,Row Group,3628-4687
DUPLICATE_ROWS,Row Group,5735-6776
DUPLICATE_ROWS,Row Group,3630-4689
DUPLICATE_ROWS,Row Group,342-1445
DUPLICATE_ROWS,Row Group,3631-4690
DUPLICATE_ROWS,Row Group,3632-4693
DUPLICATE_ROWS,Row Group,3634-4695
DUPLICATE_ROWS,Row Group,3638-4699
DUPLICATE_ROWS,Row Group,357-1453
DUPLICATE_ROWS,Row Group,3642-4702
DUPLICATE_ROWS,Row Group,3640-4700
DUPLICATE_ROWS,Row Group,3646-4706
DUPLICATE_ROWS,Row Group,3650-4710
DUPLICATE_ROWS,Row Group,2577-3648
DUPLICATE_ROWS,Row Group,365-1460
DUPLICATE_ROWS,Row Group,5739-6781
DUPLICATE_ROWS,Row Group,4716-5755
DUPLICATE_ROWS,Row Group,4717-5756
DUPLICATE_ROWS,Row Group,4737-5771
DUPLICATE_ROWS,Row Group,2594-3667
DUPLICATE_ROWS,Row Group,5783-6811
DUPLICATE_ROWS,Row Group,4722-5759
DUPLICATE_ROWS,Row Group,4753-5785
DUPLICATE_ROWS,Row Group,4746-5778
DUPLICATE_ROWS,Row Group,4756-5787
DUPLICATE_ROWS,Row Group,2600-3677
DUPLICATE_ROWS,Row Group,5790-6814
DUPLICATE_ROWS,Row Group,3681-4762
DUPLICATE_ROWS,Row Group,2606-3684-4764
DUPLICATE_ROWS,Row Group,2607-3685-4765
DUPLICATE_ROWS,Row Group,2608-4766
DUPLICATE_ROWS,Row Group,3696-4773
DUPLICATE_ROWS,Row Group,3698-4775
DUPLICATE_ROWS,Row Group,5800-6818
DUPLICATE_ROWS,Row Group,5804-6822
DUPLICATE_ROWS,Row Group,5801-6819
DUPLICATE_ROWS,Row Group,5803-6821
DUPLICATE_ROWS,Row Group,5810-6830
DUPLICATE_ROWS,Row Group,3717-4790
DUPLICATE_ROWS,Row Group,2640-3724
DUPLICATE_ROWS,Row Group,3723-4794
DUPLICATE_ROWS,Row Group,2638-3722-4793
DUPLICATE_ROWS,Row Group,3726-4797
DUPLICATE_ROWS,Row Group,3725-4796
DUPLICATE_ROWS,Row Group,3727-4798
DUPLICATE_ROWS,Row Group,5821-6838
DUPLICATE_ROWS,Row Group,5820-6837
DUPLICATE_ROWS,Row Group,5823-6841
DUPLICATE_ROWS,Row Group,5826-6844
DUPLICATE_ROWS,Row Group,5825-6843
DUPLICATE_ROWS,Row Group,5824-6842
DUPLICATE_ROWS,Row Group,5827-6845
DUPLICATE_ROWS,Row Group,4802-5830-6848
DUPLICATE_ROWS,Row Group,4803-5831-6849
DUPLICATE_ROWS,Row Group,4804-5832-6850
DUPLICATE_ROWS,Row Group,3733-4805-5833
DUPLICATE_ROWS,Row Group,3734-4806-5834
DUPLICATE_ROWS,Row Group,3735-4807
DUPLICATE_ROWS,Row Group,3737-4809
DUPLICATE_ROWS,Row Group,3742-4814
DUPLICATE_ROWS,Row Group,5841-6859
DUPLICATE_ROWS,Row Group,5845-6863
DUPLICATE_ROWS,Row Group,455-1537
DUPLICATE_ROWS,Row Group,3750-4824
DUPLICATE_ROWS,Row Group,2670-3755-4828
DUPLICATE_ROWS,Row Group,3758-4826
DUPLICATE_ROWS,Row Group,3760-4829
DUPLICATE_ROWS,Row Group,2667-4819
DUPLICATE_ROWS,Row Group,3753-4821
DUPLICATE_ROWS,Row Group,2676-4833
DUPLICATE_ROWS,Row Group,5848-6868
DUPLICATE_ROWS,Row Group,5859-6885
DUPLICATE_ROWS,Row Group,5860-6886
DUPLICATE_ROWS,Row Group,463-1545
DUPLICATE_ROWS,Row Group,466-1549
DUPLICATE_ROWS,Row Group,467-1550
DUPLICATE_ROWS,Row Group,5867-6889
DUPLICATE_ROWS,Row Group,3769-4839
DUPLICATE_ROWS,Row Group,2686-3772-4842
DUPLICATE_ROWS,Row Group,3774-4844
DUPLICATE_ROWS,Row Group,2688-3773-4843
DUPLICATE_ROWS,Row Group,3770-4840
DUPLICATE_ROWS,Row Group,3776-4846
DUPLICATE_ROWS,Row Group,2693-3779
DUPLICATE_ROWS,Row Group,2695-3780
DUPLICATE_ROWS,Row Group,3777-4847
DUPLICATE_ROWS,Row Group,5868-6890
DUPLICATE_ROWS,Row Group,5873-6895
DUPLICATE_ROWS,Row Group,5870-6892
DUPLICATE_ROWS,Row Group,5869-6891
DUPLICATE_ROWS,Row Group,5875-6897
DUPLICATE_ROWS,Row Group,5877-6899
DUPLICATE_ROWS,Row Group,5876-6898
DUPLICATE_ROWS,Row Group,483-1565
DUPLICATE_ROWS,Row Group,484-1566
DUPLICATE_ROWS,Row Group,486-1568
DUPLICATE_ROWS,Row Group,5883-6905
DUPLICATE_ROWS,Row Group,5884-6906
DUPLICATE_ROWS,Row Group,5885-6907
DUPLICATE_ROWS,Row Group,5887-6909
DUPLICATE_ROWS,Row Group,5886-6908
DUPLICATE_ROWS,Row Group,489-1571
DUPLICATE_ROWS,Row Group,3792-4861
DUPLICATE_ROWS,Row Group,3793-4862
DUPLICATE_ROWS,Row Group,3797-4864
DUPLICATE_ROWS,Row Group,3798-4865
DUPLICATE_ROWS,Row Group,3800-4866
DUPLICATE_ROWS,Row Group,3794-4869
DUPLICATE_ROWS,Row Group,3795-4870
DUPLICATE_ROWS,Row Group,3796-4871
DUPLICATE_ROWS,Row Group,3802-4874-5903
DUPLICATE_ROWS,Row Group,3803-4875-5904
DUPLICATE_ROWS,Row Group,494-1577
DUPLICATE_ROWS,Row Group,495-1578
DUPLICATE_ROWS,Row Group,5888-6910
DUPLICATE_ROWS,Row Group,5889-6911
DUPLICATE_ROWS,Row Group,5890-6912
DUPLICATE_ROWS,Row Group,5891-6913
DUPLICATE_ROWS,Row Group,5893-6915
DUPLICATE_ROWS,Row Group,5895-6916
DUPLICATE_ROWS,Row Group,5897-6918
DUPLICATE_ROWS,Row Group,5898-6919
DUPLICATE_ROWS,Row Group,5899-6920
DUPLICATE_ROWS,Row Group,5900-6922
DUPLICATE_ROWS,Row Group,3806-4878
DUPLICATE_ROWS,Row Group,5905-6927
DUPLICATE_ROWS,Row Group,5906-6928
DUPLICATE_ROWS,Row Group,5907-6929
DUPLICATE_ROWS,Row Group,3807-4879
DUPLICATE_ROWS,Row Group,5908-6930
DUPLICATE_ROWS,Row Group,3808-4880
DUPLICATE_ROWS,Row Group,3809-4881
DUPLICATE_ROWS,Row Group,5909-6931
DUPLICATE_ROWS,Row Group,3810-4882
DUPLICATE_ROWS,Row Group,3811-4883
DUPLICATE_ROWS,Row Group,498-1582
DUPLICATE_ROWS,Row Group,3814-4886
DUPLICATE_ROWS,Row Group,3815-4887
DUPLICATE_ROWS,Row Group,5917-6936
DUPLICATE_ROWS,Row Group,5918-6937
DUPLICATE_ROWS,Row Group,3816-4888
DUPLICATE_ROWS,Row Group,3819-4893
DUPLICATE_ROWS,Row Group,5926-6945
DUPLICATE_ROWS,Row Group,5927-6946
DUPLICATE_ROWS,Row Group,5929-6948
DUPLICATE_ROWS,Row Group,3824-4900
DUPLICATE_ROWS,Row Group,5931-6950
DUPLICATE_ROWS,Row Group,5933-6952
DUPLICATE_ROWS,Row Group,5934-6953
DUPLICATE_ROWS,Row Group,2738-3825-4904
DUPLICATE_ROWS,Row Group,2739-3826-4905
DUPLICATE_ROWS,Row Group,3827-4907
DUPLICATE_ROWS,Row Group,3829-4908
DUPLICATE_ROWS,Row Group,2743-3830-4906
DUPLICATE_ROWS,Row Group,516-1610
DUPLICATE_ROWS,Row Group,5935-6956
DUPLICATE_ROWS,Row Group,3837-4914
DUPLICATE_ROWS,Row Group,3838-4916
DUPLICATE_ROWS,Row Group,5946-6962
DUPLICATE_ROWS,Row Group,5947-6963
DUPLICATE_ROWS,Row Group,522-1616
DUPLICATE_ROWS,Row Group,5949-6967
DUPLICATE_ROWS,Row Group,5951-6968
DUPLICATE_ROWS,Row Group,5952-6965
DUPLICATE_ROWS,Row Group,4918-5955
DUPLICATE_ROWS,Row Group,5956-6972
DUPLICATE_ROWS,Row Group,528-1622
DUPLICATE_ROWS,Row Group,529-1623
DUPLICATE_ROWS,Row Group,3846-4920
DUPLICATE_ROWS,Row Group,3847-4921-5957
DUPLICATE_ROWS,Row Group,5958-6973
DUPLICATE_ROWS,Row Group,5959-6974
DUPLICATE_ROWS,Row Group,531-1627
DUPLICATE_ROWS,Row Group,532-1628
DUPLICATE_ROWS,Row Group,535-1629
DUPLICATE_ROWS,Row Group,537-1631
DUPLICATE_ROWS,Row Group,3850-4924
DUPLICATE_ROWS,Row Group,2766-3851
DUPLICATE_ROWS,Row Group,3853-4926
DUPLICATE_ROWS,Row Group,3854-4927
DUPLICATE_ROWS,Row Group,4928-5963-6976
DUPLICATE_ROWS,Row Group,2773-4929-5964
DUPLICATE_ROWS,Row Group,5965-6978
DUPLICATE_ROWS,Row Group,4930-5966
DUPLICATE_ROWS,Row Group,4931-5967-6980
DUPLICATE_ROWS,Row Group,3861-4932-5968
DUPLICATE_ROWS,Row Group,547-1640
DUPLICATE_ROWS,Row Group,3862-4934
DUPLICATE_ROWS,Row Group,2775-3863-4935
DUPLICATE_ROWS,Row Group,3864-4940
DUPLICATE_ROWS,Row Group,2777-3865-4941
DUPLICATE_ROWS,Row Group,5970-6985
DUPLICATE_ROWS,Row Group,5972-6986
DUPLICATE_ROWS,Row Group,5974-6987
DUPLICATE_ROWS,Row Group,5976-6991
DUPLICATE_ROWS,Row Group,5978-6992
DUPLICATE_ROWS,Row Group,5980-6993
DUPLICATE_ROWS,Row Group,548-1642
DUPLICATE_ROWS,Row Group,549-1645
DUPLICATE_ROWS,Row Group,3874-4947-5983
DUPLICATE_ROWS,Row Group,4948-5984
DUPLICATE_ROWS,Row Group,3875-4949-5985
DUPLICATE_ROWS,Row Group,550-1646
DUPLICATE_ROWS,Row Group,3876-4950-5986
DUPLICATE_ROWS,Row Group,4951-5987-6998
DUPLICATE_ROWS,Row Group,3877-4952-5988
DUPLICATE_ROWS,Row Group,553-1649
DUPLICATE_ROWS,Row Group,555-1651
DUPLICATE_ROWS,Row Group,557-1653
DUPLICATE_ROWS,Row Group,556-1652
DUPLICATE_ROWS,Row Group,560-1656
DUPLICATE_ROWS,Row Group,559-1655
DUPLICATE_ROWS,Row Group,561-1657
DUPLICATE_ROWS,Row Group,562-1658
DUPLICATE_ROWS,Row Group,4955-5991
DUPLICATE_ROWS,Row Group,569-1663
DUPLICATE_ROWS,Row Group,3883-4958
DUPLICATE_ROWS,Row Group,571-1667
DUPLICATE_ROWS,Row Group,3884-4959
DUPLICATE_ROWS,Row Group,3885-4962
DUPLICATE_ROWS,Row Group,573-1671
DUPLICATE_ROWS,Row Group,3887-4964
DUPLICATE_ROWS,Row Group,3888-4965
DUPLICATE_ROWS,Row Group,3889-4966
DUPLICATE_ROWS,Row Group,575-1673
DUPLICATE_ROWS,Row Group,577-1675
DUPLICATE_ROWS,Row Group,582-1679
DUPLICATE_ROWS,Row Group,584-1681
DUPLICATE_ROWS,Row Group,5992-7001
DUPLICATE_ROWS,Row Group,5993-7002
DUPLICATE_ROWS,Row Group,5994-7003
DUPLICATE_ROWS,Row Group,5995-7004
DUPLICATE_ROWS,Row Group,5996-7005
DUPLICATE_ROWS,Row Group,5997-7006
DUPLICATE_ROWS,Row Group,5998-7007
DUPLICATE_ROWS,Row Group,5999-7008
DUPLICATE_ROWS,Row Group,6000-7009
DUPLICATE_ROWS,Row Group,6001-7010
DUPLICATE_ROWS,Row Group,6002-7011
DUPLICATE_ROWS,Row Group,6003-7012
DUPLICATE_ROWS,Row Group,6004-7013
DUPLICATE_ROWS,Row Group,6005-7014
DUPLICATE_ROWS,Row Group,3897-4972
DUPLICATE_ROWS,Row Group,586-1682-2813
DUPLICATE_ROWS,Row Group,588-1684
DUPLICATE_ROWS,Row Group,587-1683
DUPLICATE_ROWS,Row Group,589-1686
DUPLICATE_ROWS,Row Group,6006-7017
DUPLICATE_ROWS,Row Group,6007-7018
DUPLICATE_ROWS,Row Group,6009-7020
DUPLICATE_ROWS,Row Group,6010-7019
DUPLICATE_ROWS,Row Group,590-1687
DUPLICATE_ROWS,Row Group,595-1691
DUPLICATE_ROWS,Row Group,597-1693
DUPLICATE_ROWS,Row Group,3911-4982
DUPLICATE_ROWS,Row Group,3914-4986
DUPLICATE_ROWS,Row Group,3915-4987
DUPLICATE_ROWS,Row Group,3913-4985
DUPLICATE_ROWS,Row Group,3912-4984
DUPLICATE_ROWS,Row Group,6011-7021
DUPLICATE_ROWS,Row Group,6012-7022
DUPLICATE_ROWS,Row Group,6013-7023
DUPLICATE_ROWS,Row Group,6014-7025
DUPLICATE_ROWS,Row Group,6015-7024
DUPLICATE_ROWS,Row Group,2827-3916
DUPLICATE_ROWS,Row Group,3920-4992
DUPLICATE_ROWS,Row Group,3923-4995
DUPLICATE_ROWS,Row Group,3922-4994
DUPLICATE_ROWS,Row Group,3924-4996
DUPLICATE_ROWS,Row Group,608-1709
DUPLICATE_ROWS,Row Group,3926-4998
DUPLICATE_ROWS,Row Group,612-1713
DUPLICATE_ROWS,Row Group,6024-7038
DUPLICATE_ROWS,Row Group,3931-4999
DUPLICATE_ROWS,Row Group,3932-5000
DUPLICATE_ROWS,Row Group,3933-5001
DUPLICATE_ROWS,Row Group,3934-5002
DUPLICATE_ROWS,Row Group,3935-5003
DUPLICATE_ROWS,Row Group,6025-7041
DUPLICATE_ROWS,Row Group,6026-7042
DUPLICATE_ROWS,Row Group,6027-7043
DUPLICATE_ROWS,Row Group,3936-5005
DUPLICATE_ROWS,Row Group,3937-5006
DUPLICATE_ROWS,Row Group,6029-7044
DUPLICATE_ROWS,Row Group,620-1723
DUPLICATE_ROWS,Row Group,1724-2853
DUPLICATE_ROWS,Row Group,623-1726
DUPLICATE_ROWS,Row Group,2856-3943-5010
DUPLICATE_ROWS,Row Group,2857-3944-5011
DUPLICATE_ROWS,Row Group,3945-5012
DUPLICATE_ROWS,Row Group,3946-5013
DUPLICATE_ROWS,Row Group,3947-5014
DUPLICATE_ROWS,Row Group,3948-5015
DUPLICATE_ROWS,Row Group,3949-5016
DUPLICATE_ROWS,Row Group,3950-5017
DUPLICATE_ROWS,Row Group,3951-5019
DUPLICATE_ROWS,Row Group,630-1735
DUPLICATE_ROWS,Row Group,3953-5020
DUPLICATE_ROWS,Row Group,3956-5022
DUPLICATE_ROWS,Row Group,3957-5023
DUPLICATE_ROWS,Row Group,6035-7049
DUPLICATE_ROWS,Row Group,6044-7056
DUPLICATE_ROWS,Row Group,6046-7059
DUPLICATE_ROWS,Row Group,2874-3962
DUPLICATE_ROWS,Row Group,2875-3963
DUPLICATE_ROWS,Row Group,6053-7064
DUPLICATE_ROWS,Row Group,6054-7065
DUPLICATE_ROWS,Row Group,6055-7066
DUPLICATE_ROWS,Row Group,640-1746
DUPLICATE_ROWS,Row Group,6060-7074
DUPLICATE_ROWS,Row Group,6063-7077
DUPLICATE_ROWS,Row Group,6062-7076
DUPLICATE_ROWS,Row Group,6058-7070
DUPLICATE_ROWS,Row Group,6067-7082
DUPLICATE_ROWS,Row Group,6068-7084
DUPLICATE_ROWS,Row Group,2886-3967
DUPLICATE_ROWS,Row Group,2887-3968-5038
DUPLICATE_ROWS,Row Group,3969-5039
DUPLICATE_ROWS,Row Group,6071-7088
DUPLICATE_ROWS,Row Group,6072-7089
DUPLICATE_ROWS,Row Group,3971-5041
DUPLICATE_ROWS,Row Group,2895-3972-5042-6073-7090
DUPLICATE_ROWS,Row Group,3973-5043-6074
DUPLICATE_ROWS,Row Group,667-1766
DUPLICATE_ROWS,Row Group,6075-7092
DUPLICATE_ROWS,Row Group,5045-6076-7093
DUPLICATE_ROWS,Row Group,5046-6077-7094
DUPLICATE_ROWS,Row Group,6078-7095
DUPLICATE_ROWS,Row Group,6079-7096
DUPLICATE_ROWS,Row Group,6081-7098
DUPLICATE_ROWS,Row Group,5053-6082
DUPLICATE_ROWS,Row Group,6083-7100
DUPLICATE_ROWS,Row Group,5055-6084-7101
DUPLICATE_ROWS,Row Group,3982-5056-6085-7102
DUPLICATE_ROWS,Row Group,5057-6086-7103
DUPLICATE_ROWS,Row Group,5058-6087-7104
DUPLICATE_ROWS,Row Group,2913-3985-5059-6088
DUPLICATE_ROWS,Row Group,678-1782
DUPLICATE_ROWS,Row Group,3986-5060-6089-7106
DUPLICATE_ROWS,Row Group,679-1783
DUPLICATE_ROWS,Row Group,5061-6090-7107
DUPLICATE_ROWS,Row Group,3987-5062-6091-7108
DUPLICATE_ROWS,Row Group,6092-7109
DUPLICATE_ROWS,Row Group,6093-7110
DUPLICATE_ROWS,Row Group,6095-7111
DUPLICATE_ROWS,Row Group,3990-5065
DUPLICATE_ROWS,Row Group,6097-7114
DUPLICATE_ROWS,Row Group,6098-7115
DUPLICATE_ROWS,Row Group,3991-5066
DUPLICATE_ROWS,Row Group,3992-5067
DUPLICATE_ROWS,Row Group,2920-5069-6102
DUPLICATE_ROWS,Row Group,2922-3995-5070
DUPLICATE_ROWS,Row Group,3996-5071
DUPLICATE_ROWS,Row Group,2924-3997
DUPLICATE_ROWS,Row Group,6104-7118
DUPLICATE_ROWS,Row Group,4001-5074-6105
DUPLICATE_ROWS,Row Group,4002-5075
DUPLICATE_ROWS,Row Group,2932-5077
DUPLICATE_ROWS,Row Group,692-1798
DUPLICATE_ROWS,Row Group,4007-5079
DUPLICATE_ROWS,Row Group,694-1800
DUPLICATE_ROWS,Row Group,4008-5080
DUPLICATE_ROWS,Row Group,4009-5081
DUPLICATE_ROWS,Row Group,6110-7123
DUPLICATE_ROWS,Row Group,6114-7126
DUPLICATE_ROWS,Row Group,6120-7132
DUPLICATE_ROWS,Row Group,6121-7133
DUPLICATE_ROWS,Row Group,6123-7135
DUPLICATE_ROWS,Row Group,4016-5089
DUPLICATE_ROWS,Row Group,698-1804
DUPLICATE_ROWS,Row Group,699-1805
DUPLICATE_ROWS,Row Group,700-1806
DUPLICATE_ROWS,Row Group,5091-6125-7141
DUPLICATE_ROWS,Row Group,5092-6126-7142
DUPLICATE_ROWS,Row Group,701-1807
DUPLICATE_ROWS,Row Group,5093-6127-7143
DUPLICATE_ROWS,Row Group,5094-6128-7144
DUPLICATE_ROWS,Row Group,6129-7145
DUPLICATE_ROWS,Row Group,4020-5095-6131
DUPLICATE_ROWS,Row Group,703-1809
DUPLICATE_ROWS,Row Group,4021-5096
DUPLICATE_ROWS,Row Group,6132-7146
DUPLICATE_ROWS,Row Group,707-1811
DUPLICATE_ROWS,Row Group,4022-5097
DUPLICATE_ROWS,Row Group,4023-5098
DUPLICATE_ROWS,Row Group,709-1813
DUPLICATE_ROWS,Row Group,4025-5100
DUPLICATE_ROWS,Row Group,711-1812
DUPLICATE_ROWS,Row Group,4024-5099
DUPLICATE_ROWS,Row Group,4027-5102
DUPLICATE_ROWS,Row Group,4026-5101
DUPLICATE_ROWS,Row Group,4028-5103
DUPLICATE_ROWS,Row Group,714-1818
DUPLICATE_ROWS,Row Group,4029-5104
DUPLICATE_ROWS,Row Group,4032-5107
DUPLICATE_ROWS,Row Group,4031-5106
DUPLICATE_ROWS,Row Group,718-1822
DUPLICATE_ROWS,Row Group,4035-5108
DUPLICATE_ROWS,Row Group,720-1824
DUPLICATE_ROWS,Row Group,721-1825
DUPLICATE_ROWS,Row Group,6145-7159
DUPLICATE_ROWS,Row Group,723-1827
DUPLICATE_ROWS,Row Group,724-1828
DUPLICATE_ROWS,Row Group,6146-7160
DUPLICATE_ROWS,Row Group,6133-7147
DUPLICATE_ROWS,Row Group,6135-7149
DUPLICATE_ROWS,Row Group,6136-7150
DUPLICATE_ROWS,Row Group,6134-7148
DUPLICATE_ROWS,Row Group,6137-7151
DUPLICATE_ROWS,Row Group,6138-7152
DUPLICATE_ROWS,Row Group,6140-7154
DUPLICATE_ROWS,Row Group,6139-7153
DUPLICATE_ROWS,Row Group,6142-7156
DUPLICATE_ROWS,Row Group,6144-7158
DUPLICATE_ROWS,Row Group,6151-7161
DUPLICATE_ROWS,Row Group,6152-7162
DUPLICATE_ROWS,Row Group,6153-7163
DUPLICATE_ROWS,Row Group,6154-7164
DUPLICATE_ROWS,Row Group,6155-7165
DUPLICATE_ROWS,Row Group,6156-7166
DUPLICATE_ROWS,Row Group,6157-7167
DUPLICATE_ROWS,Row Group,6158-7168
DUPLICATE_ROWS,Row Group,6160-7169
DUPLICATE_ROWS,Row Group,2967-4047
DUPLICATE_ROWS,Row Group,6161-7170
DUPLICATE_ROWS,Row Group,6162-7171
DUPLICATE_ROWS,Row Group,6163-7172
DUPLICATE_ROWS,Row Group,6165-7173
DUPLICATE_ROWS,Row Group,6166-7174
DUPLICATE_ROWS,Row Group,6167-7175
DUPLICATE_ROWS,Row Group,5127-6168
DUPLICATE_ROWS,Row Group,6171-7176
DUPLICATE_ROWS,Row Group,6172-7177
DUPLICATE_ROWS,Row Group,6183-7178
DUPLICATE_ROWS,Row Group,6184-7179
DUPLICATE_ROWS,Row Group,6185-7180
DUPLICATE_ROWS,Row Group,6186-7181
DUPLICATE_ROWS,Row Group,5144-6187-7182
DUPLICATE_ROWS,Row Group,2981-4065
DUPLICATE_ROWS,Row Group,725-1829
DUPLICATE_ROWS,Row Group,6194-7183
DUPLICATE_ROWS,Row Group,2986-4069
DUPLICATE_ROWS,Row Group,6195-7184
DUPLICATE_ROWS,Row Group,6196-7185
DUPLICATE_ROWS,Row Group,6197-7186
DUPLICATE_ROWS,Row Group,732-1833
DUPLICATE_ROWS,Row Group,733-1834
DUPLICATE_ROWS,Row Group,6200-7187
DUPLICATE_ROWS,Row Group,2998-4077
DUPLICATE_ROWS,Row Group,6203-7188
DUPLICATE_ROWS,Row Group,6204-7189
DUPLICATE_ROWS,Row Group,3000-4079
DUPLICATE_ROWS,Row Group,3001-4080
DUPLICATE_ROWS,Row Group,6206-7190
DUPLICATE_ROWS,Row Group,5162-6207
DUPLICATE_ROWS,Row Group,5165-6210
DUPLICATE_ROWS,Row Group,768-1864
DUPLICATE_ROWS,Row Group,6213-7191
DUPLICATE_ROWS,Row Group,6214-7192
DUPLICATE_ROWS,Row Group,3015-4092
DUPLICATE_ROWS,Row Group,6218-7193
DUPLICATE_ROWS,Row Group,5174-6220-7194
DUPLICATE_ROWS,Row Group,6221-7195
DUPLICATE_ROWS,Row Group,6223-7196
DUPLICATE_ROWS,Row Group,6224-7197
DUPLICATE_ROWS,Row Group,779-1882
DUPLICATE_ROWS,Row Group,4102-5181
DUPLICATE_ROWS,Row Group,791-1895
DUPLICATE_ROWS,Row Group,4122-5195
DUPLICATE_ROWS,Row Group,4132-5205
DUPLICATE_ROWS,Row Group,6253-7212
DUPLICATE_ROWS,Row Group,823-1929
DUPLICATE_ROWS,Row Group,824-1930
DUPLICATE_ROWS,Row Group,825-1931
DUPLICATE_ROWS,Row Group,826-1932
DUPLICATE_ROWS,Row Group,827-1933
DUPLICATE_ROWS,Row Group,4140-5210
DUPLICATE_ROWS,Row Group,4141-5211
DUPLICATE_ROWS,Row Group,4142-5212
DUPLICATE_ROWS,Row Group,4143-5213
DUPLICATE_ROWS,Row Group,6254-7213
DUPLICATE_ROWS,Row Group,6255-7214
DUPLICATE_ROWS,Row Group,830-1936
DUPLICATE_ROWS,Row Group,831-1937
DUPLICATE_ROWS,Row Group,6258-7215
DUPLICATE_ROWS,Row Group,4147-5216
DUPLICATE_ROWS,Row Group,6260-7217
DUPLICATE_ROWS,Row Group,4148-5217
DUPLICATE_ROWS,Row Group,4149-5218-6261-7218
DUPLICATE_ROWS,Row Group,6262-7219
DUPLICATE_ROWS,Row Group,4150-5220-6263-7220
DUPLICATE_ROWS,Row Group,3065-4151-5221
DUPLICATE_ROWS,Row Group,6264-7221
DUPLICATE_ROWS,Row Group,4152-5222
DUPLICATE_ROWS,Row Group,3067-4153-5223
DUPLICATE_ROWS,Row Group,6265-7222
DUPLICATE_ROWS,Row Group,6266-7223
DUPLICATE_ROWS,Row Group,840-1947
DUPLICATE_ROWS,Row Group,4155-5226
DUPLICATE_ROWS,Row Group,6270-7224
DUPLICATE_ROWS,Row Group,6271-7225
DUPLICATE_ROWS,Row Group,843-1950
DUPLICATE_ROWS,Row Group,844-1951
DUPLICATE_ROWS,Row Group,4159-5229
DUPLICATE_ROWS,Row Group,4162-5232
DUPLICATE_ROWS,Row Group,4163-5233
DUPLICATE_ROWS,Row Group,6278-7230
DUPLICATE_ROWS,Row Group,4172-5238
DUPLICATE_ROWS,Row Group,4173-5239
DUPLICATE_ROWS,Row Group,6279-7231
DUPLICATE_ROWS,Row Group,6282-7232
DUPLICATE_ROWS,Row Group,6283-7233
DUPLICATE_ROWS,Row Group,6284-7234
DUPLICATE_ROWS,Row Group,4175-5241
DUPLICATE_ROWS,Row Group,4176-5242
DUPLICATE_ROWS,Row Group,857-1969
DUPLICATE_ROWS,Row Group,6285-7238
DUPLICATE_ROWS,Row Group,4178-5244
DUPLICATE_ROWS,Row Group,4179-5245
DUPLICATE_ROWS,Row Group,4181-5247
DUPLICATE_ROWS,Row Group,859-1971
DUPLICATE_ROWS,Row Group,6291-7241
DUPLICATE_ROWS,Row Group,6292-7242
DUPLICATE_ROWS,Row Group,4183-5251
DUPLICATE_ROWS,Row Group,4184-5252
DUPLICATE_ROWS,Row Group,4187-5253
DUPLICATE_ROWS,Row Group,4188-5254
DUPLICATE_ROWS,Row Group,4189-5255
DUPLICATE_ROWS,Row Group,4190-5256
DUPLICATE_ROWS,Row Group,866-1978
DUPLICATE_ROWS,Row Group,4192-5258
DUPLICATE_ROWS,Row Group,4193-5259
DUPLICATE_ROWS,Row Group,4194-5260
DUPLICATE_ROWS,Row Group,4195-5261
DUPLICATE_ROWS,Row Group,4202-5272
DUPLICATE_ROWS,Row Group,4203-5273
DUPLICATE_ROWS,Row Group,4204-5274
DUPLICATE_ROWS,Row Group,4205-5275
DUPLICATE_ROWS,Row Group,4206-5280
DUPLICATE_ROWS,Row Group,4207-5281
DUPLICATE_ROWS,Row Group,4208-5282
DUPLICATE_ROWS,Row Group,4209-5283
DUPLICATE_ROWS,Row Group,4196-5262
DUPLICATE_ROWS,Row Group,4197-5263
DUPLICATE_ROWS,Row Group,4198-5268
DUPLICATE_ROWS,Row Group,4199-5269
DUPLICATE_ROWS,Row Group,4200-5270
DUPLICATE_ROWS,Row Group,4201-5271
DUPLICATE_ROWS,Row Group,885-2005
DUPLICATE_ROWS,Row Group,5285-6332
DUPLICATE_ROWS,Row Group,4210-5286
DUPLICATE_ROWS,Row Group,4211-5287
DUPLICATE_ROWS,Row Group,4212-5290
DUPLICATE_ROWS,Row Group,4213-5291
DUPLICATE_ROWS,Row Group,4214-5292
DUPLICATE_ROWS,Row Group,886-2010
DUPLICATE_ROWS,Row Group,4215-5293
DUPLICATE_ROWS,Row Group,887-2011
DUPLICATE_ROWS,Row Group,4216-5294
DUPLICATE_ROWS,Row Group,888-2012
DUPLICATE_ROWS,Row Group,4217-5295
DUPLICATE_ROWS,Row Group,889-2013
DUPLICATE_ROWS,Row Group,4218-5297
DUPLICATE_ROWS,Row Group,4219-5298
DUPLICATE_ROWS,Row Group,890-2014
DUPLICATE_ROWS,Row Group,891-2015
DUPLICATE_ROWS,Row Group,4220-5301
DUPLICATE_ROWS,Row Group,4221-5302
DUPLICATE_ROWS,Row Group,892-2018
DUPLICATE_ROWS,Row Group,893-2019
DUPLICATE_ROWS,Row Group,4222-5303
DUPLICATE_ROWS,Row Group,896-2020
DUPLICATE_ROWS,Row Group,4225-5304
DUPLICATE_ROWS,Row Group,4223-5305
DUPLICATE_ROWS,Row Group,4224-5306
DUPLICATE_ROWS,Row Group,2021-3141
DUPLICATE_ROWS,Row Group,3142-4226
DUPLICATE_ROWS,Row Group,4228-5309
DUPLICATE_ROWS,Row Group,4229-5310
DUPLICATE_ROWS,Row Group,902-2023
DUPLICATE_ROWS,Row Group,903-2024
DUPLICATE_ROWS,Row Group,4230-5313
DUPLICATE_ROWS,Row Group,4231-5314
DUPLICATE_ROWS,Row Group,904-2027
DUPLICATE_ROWS,Row Group,905-2028
DUPLICATE_ROWS,Row Group,6355-7256
DUPLICATE_ROWS,Row Group,4232-5315
DUPLICATE_ROWS,Row Group,4234-5316
DUPLICATE_ROWS,Row Group,3151-4233-5317
DUPLICATE_ROWS,Row Group,3152-4235-5318
DUPLICATE_ROWS,Row Group,6362-7257
DUPLICATE_ROWS,Row Group,6363-7258
DUPLICATE_ROWS,Row Group,906-2031
DUPLICATE_ROWS,Row Group,907-2032
DUPLICATE_ROWS,Row Group,909-2034
DUPLICATE_ROWS,Row Group,910-2035
DUPLICATE_ROWS,Row Group,912-2037
DUPLICATE_ROWS,Row Group,913-2038
DUPLICATE_ROWS,Row Group,6364-7259
DUPLICATE_ROWS,Row Group,6365-7260
DUPLICATE_ROWS,Row Group,6366-7261
DUPLICATE_ROWS,Row Group,6367-7262
DUPLICATE_ROWS,Row Group,6368-7263
DUPLICATE_ROWS,Row Group,6369-7264
DUPLICATE_ROWS,Row Group,6370-7265
DUPLICATE_ROWS,Row Group,6371-7266
DUPLICATE_ROWS,Row Group,6372-7267
DUPLICATE_ROWS,Row Group,6373-7268
DUPLICATE_ROWS,Row Group,6374-7269
DUPLICATE_ROWS,Row Group,6375-7270
DUPLICATE_ROWS,Row Group,4238-5332
DUPLICATE_ROWS,Row Group,4239-5333
DUPLICATE_ROWS,Row Group,6378-7274
DUPLICATE_ROWS,Row Group,914-2045
DUPLICATE_ROWS,Row Group,6381-7278
DUPLICATE_ROWS,Row Group,4244-5338
DUPLICATE_ROWS,Row Group,4245-5339
DUPLICATE_ROWS,Row Group,920-2051
DUPLICATE_ROWS,Row Group,4242-5336
DUPLICATE_ROWS,Row Group,4241-5335
DUPLICATE_ROWS,Row Group,919-2050
DUPLICATE_ROWS,Row Group,6380-7277
DUPLICATE_ROWS,Row Group,6387-7281
DUPLICATE_ROWS,Row Group,4240-5334
DUPLICATE_ROWS,Row Group,923-2043
DUPLICATE_ROWS,Row Group,4237-5331
DUPLICATE_ROWS,Row Group,922-2042
DUPLICATE_ROWS,Row Group,4236-5330
DUPLICATE_ROWS,Row Group,924-2044
DUPLICATE_ROWS,Row Group,6376-7272
DUPLICATE_ROWS,Row Group,6379-7275
DUPLICATE_ROWS,Row Group,926-2056
DUPLICATE_ROWS,Row Group,925-2055
DUPLICATE_ROWS,Row Group,4246-5340
DUPLICATE_ROWS,Row Group,6393-7284
DUPLICATE_ROWS,Row Group,6398-7290
DUPLICATE_ROWS,Row Group,6399-7291
DUPLICATE_ROWS,Row Group,934-2065
DUPLICATE_ROWS,Row Group,6401-7293
DUPLICATE_ROWS,Row Group,4256-5347-6402-7294
DUPLICATE_ROWS,Row Group,5349-7296
DUPLICATE_ROWS,Row Group,6405-7298
DUPLICATE_ROWS,Row Group,4260-5352
DUPLICATE_ROWS,Row Group,4261-5353
DUPLICATE_ROWS,Row Group,4262-5354
DUPLICATE_ROWS,Row Group,6406-7299
DUPLICATE_ROWS,Row Group,4263-5355
DUPLICATE_ROWS,Row Group,4264-5356
DUPLICATE_ROWS,Row Group,4265-5357
DUPLICATE_ROWS,Row Group,4266-5358
DUPLICATE_ROWS,Row Group,6407-7300
DUPLICATE_ROWS,Row Group,6410-7303
DUPLICATE_ROWS,Row Group,4269-5360
DUPLICATE_ROWS,Row Group,4272-5362
DUPLICATE_ROWS,Row Group,5363-6415
DUPLICATE_ROWS,Row Group,4274-5364-6416
DUPLICATE_ROWS,Row Group,4278-5369-6420-7313
DUPLICATE_ROWS,Row Group,4279-5370-6421
DUPLICATE_ROWS,Row Group,4280-5371
DUPLICATE_ROWS,Row Group,6422-7315
DUPLICATE_ROWS,Row Group,6430-7316
DUPLICATE_ROWS,Row Group,4285-5380
DUPLICATE_ROWS,Row Group,4286-5381
DUPLICATE_ROWS,Row Group,981-2106
DUPLICATE_ROWS,Row Group,4288-5383
DUPLICATE_ROWS,Row Group,4289-5384
DUPLICATE_ROWS,Row Group,4290-5385
DUPLICATE_ROWS,Row Group,4291-5386
DUPLICATE_ROWS,Row Group,6423-7317
DUPLICATE_ROWS,Row Group,6426-7320
DUPLICATE_ROWS,Row Group,6427-7321
DUPLICATE_ROWS,Row Group,6436-7334
DUPLICATE_ROWS,Row Group,4292-5387
DUPLICATE_ROWS,Row Group,4293-5388
DUPLICATE_ROWS,Row Group,4294-5389
DUPLICATE_ROWS,Row Group,4295-5390
DUPLICATE_ROWS,Row Group,4296-5391
DUPLICATE_ROWS,Row Group,4298-5393
DUPLICATE_ROWS,Row Group,4299-5394
DUPLICATE_ROWS,Row Group,6443-7342
DUPLICATE_ROWS,Row Group,6444-7343
DUPLICATE_ROWS,Row Group,995-2116
DUPLICATE_ROWS,Row Group,4302-5396
DUPLICATE_ROWS,Row Group,4301-5395
DUPLICATE_ROWS,Row Group,4303-5397
DUPLICATE_ROWS,Row Group,2120-3237
DUPLICATE_ROWS,Row Group,4307-5401
DUPLICATE_ROWS,Row Group,6450-7350
DUPLICATE_ROWS,Row Group,4308-5402
DUPLICATE_ROWS,Row Group,4309-5403
DUPLICATE_ROWS,Row Group,1003-2125
DUPLICATE_ROWS,Row Group,4310-5404
DUPLICATE_ROWS,Row Group,3243-4311
DUPLICATE_ROWS,Row Group,1007-2129
DUPLICATE_ROWS,Row Group,3246-4314-5407
DUPLICATE_ROWS,Row Group,1009-2130
DUPLICATE_ROWS,Row Group,1011-2132
DUPLICATE_ROWS,Row Group,6451-7351
DUPLICATE_ROWS,Row Group,6452-7352
DUPLICATE_ROWS,Row Group,6453-7353
DUPLICATE_ROWS,Row Group,6454-7354
DUPLICATE_ROWS,Row Group,6456-7356
DUPLICATE_ROWS,Row Group,4319-5411
DUPLICATE_ROWS,Row Group,4320-5412
DUPLICATE_ROWS,Row Group,4321-5413
DUPLICATE_ROWS,Row Group,4322-5414
DUPLICATE_ROWS,Row Group,1020-2141
DUPLICATE_ROWS,Row Group,3268-4332
DUPLICATE_ROWS,Row Group,3269-4333
DUPLICATE_ROWS,Row Group,2159-3270
DUPLICATE_ROWS,Row Group,6473-7365
DUPLICATE_ROWS,Row Group,3273-4339
DUPLICATE_ROWS,Row Group,6482-7366
DUPLICATE_ROWS,Row Group,6483-7367
DUPLICATE_ROWS,Row Group,6484-7368
DUPLICATE_ROWS,Row Group,1059-2181
DUPLICATE_ROWS,Row Group,4354-5440
DUPLICATE_ROWS,Row Group,4353-5439
DUPLICATE_ROWS,Row Group,4361-5446
DUPLICATE_ROWS,Row Group,4360-5445
DUPLICATE_ROWS,Row Group,3310-4368
DUPLICATE_ROWS,Row Group,3311-4369
UNIFORMITY,Model,274
UNIFORMITY,Model,1372
UNIFORMITY,Model,1375
UNIFORMITY,Model,1381
UNIFORMITY,Model,2041
UNIFORMITY,Model,2494
UNIFORMITY,Model,3580
UNIFORMITY,Model,4238
UNIFORMITY,Model,4239
UNIFORMITY,Model,4278
UNIFORMITY,Model,4279
UNIFORMITY,Model,4634
UNIFORMITY,Model,4637
UNIFORMITY,Model,4682
UNIFORMITY,Model,4683
UNIFORMITY,Model,5332
UNIFORMITY,Model,5333
UNIFORMITY,Model,5369
UNIFORMITY,Model,5370
UNIFORMITY,Model,5689
UNIFORMITY,Model,5692
UNIFORMITY,Model,5732
UNIFORMITY,Model,5733
UNIFORMITY,Model,6378
UNIFORMITY,Model,6420
UNIFORMITY,Model,6421
UNIFORMITY,Model,6744
UNIFORMITY,Model,6745
UNIFORMITY,Model,7274
UNIFORMITY,Model,7313
UNIFORMITY,Model,7314
UNIFORMITY,Cylinders,294
UNIFORMITY,Cylinders,517
UNIFORMITY,Cylinders,518
UNIFORMITY,Cylinders,519
UNIFORMITY,Cylinders,670
UNIFORMITY,Cylinders,671
MISSING_VALUE_ROWS,Model,40
MISSING_VALUE_ROWS,Model,112
MISSING_VALUE_ROWS,Model,705
MISSING_VALUE_ROWS,Model,706
MISSING_VALUE_ROWS,Model,836
MISSING_VALUE_ROWS,Model,837
MISSING_VALUE_ROWS,Engine Size(L),295
MISSING_VALUE_ROWS,Engine Size(L),296
MISSING_VALUE_ROWS,Engine Size(L),297
MISSING_VALUE_ROWS,Cylinders,294
MISSING_VALUE_ROWS,Cylinders,517
MISSING_VALUE_ROWS,Cylinders,518
MISSING_VALUE_ROWS,Cylinders,519
MISSING_VALUE_ROWS,Cylinders,670
MISSING_VALUE_ROWS,Cylinders,671
OUTLIERS,Engine Size(L),13
OUTLIERS,Engine Size(L),14
OUTLIERS,Engine Size(L),19
OUTLIERS,Engine Size(L),36
OUTLIERS,Engine Size(L),47
OUTLIERS,Engine Size(L),48
OUTLIERS,Engine Size(L),51
OUTLIERS,Engine Size(L),52
OUTLIERS,Engine Size(L),70
OUTLIERS,Engine Size(L),72
OUTLIERS,Engine Size(L),73
OUTLIERS,Engine Size(L),74
OUTLIERS,Engine Size(L),75
OUTLIERS,Engine Size(L),112
OUTLIERS,Engine Size(L),173
OUTLIERS,Engine Size(L),174
OUTLIERS,Engine Size(L),175
OUTLIERS,Engine Size(L),176
OUTLIERS,Engine Size(L),177
OUTLIERS,Engine Size(L),178
OUTLIERS,Engine Size(L),179
OUTLIERS,Engine Size(L),180
OUTLIERS,Engine Size(L),181
OUTLIERS,Engine Size(L),182
OUTLIERS,Engine Size(L),191
OUTLIERS,Engine Size(L),192
OUTLIERS,Engine Size(L),193
OUTLIERS,Engine Size(L),194
OUTLIERS,Engine Size(L),195
OUTLIERS,Engine Size(L),196
OUTLIERS,Engine Size(L),211
OUTLIERS,Engine Size(L),212
OUTLIERS,Engine Size(L),213
OUTLIERS,Engine Size(L),214
OUTLIERS,Engine Size(L),215
OUTLIERS,Engine Size(L),216
OUTLIERS,Engine Size(L),217
OUTLIERS,Engine Size(L),218
OUTLIERS,Engine Size(L),219
OUTLIERS,Engine Size(L),220
OUTLIERS,Engine Size(L),221
OUTLIERS,Engine Size(L),222
OUTLIERS,Engine Size(L),224
OUTLIERS,Engine Size(L),225
OUTLIERS,Engine Size(L),227
OUTLIERS,Engine Size(L),228
OUTLIERS,Engine Size(L),239
OUTLIERS,Engine Size(L),240
OUTLIERS,Engine Size(L),241
OUTLIERS,Engine Size(L),244
OUTLIERS,Engine Size(L),245
OUTLIERS,Engine Size(L),246
OUTLIERS,Engine Size(L),261
OUTLIERS,Engine Size(L),262
OUTLIERS,Engine Size(L),263
OUTLIERS,Engine Size(L),264
OUTLIERS,Engine Size(L),265
OUTLIERS,Engine Size(L),266
OUTLIERS,Engine Size(L),267
OUTLIERS,Engine Size(L),268
OUTLIERS,Engine Size(L),283
OUTLIERS,Engine Size(L),285
OUTLIERS,Engine Size(L),290
OUTLIERS,Engine Size(L),295
OUTLIERS,Engine Size(L),296
OUTLIERS,Engine Size(L),297
OUTLIERS,Engine Size(L),298
OUTLIERS,Engine Size(L),299
OUTLIERS,Engine Size(L),300
OUTLIERS,Engine Size(L),301
OUTLIERS,Engine Size(L),304
OUTLIERS,Engine Size(L),306
OUTLIERS,Engine Size(L),313
OUTLIERS,Engine Size(L),323
OUTLIERS,Engine Size(L),345
OUTLIERS,Engine Size(L),346
OUTLIERS,Engine Size(L),349
OUTLIERS,Engine Size(L),350
OUTLIERS,Engine Size(L),351
OUTLIERS,Engine Size(L),361
OUTLIERS,Engine Size(L),362
OUTLIERS,Engine Size(L),371
OUTLIERS,Engine Size(L),374
OUTLIERS,Engine Size(L),379
OUTLIERS,Engine Size(L),380
OUTLIERS,Engine Size(L),381
OUTLIERS,Engine Size(L),382
OUTLIERS,Engine Size(L),387
OUTLIERS,Engine Size(L),388
OUTLIERS,Engine Size(L),389
OUTLIERS,Engine Size(L),390
OUTLIERS,Engine Size(L),391
OUTLIERS,Engine Size(L),418
OUTLIERS,Engine Size(L),419
OUTLIERS,Engine Size(L),420
OUTLIERS,Engine Size(L),435
OUTLIERS,Engine Size(L),436
OUTLIERS,Engine Size(L),437
OUTLIERS,Engine Size(L),438
OUTLIERS,Engine Size(L),439
OUTLIERS,Engine Size(L),440
OUTLIERS,Engine Size(L),441
OUTLIERS,Engine Size(L),442
OUTLIERS,Engine Size(L),443
OUTLIERS,Engine Size(L),444
OUTLIERS,Engine Size(L),445
OUTLIERS,Engine Size(L),446
OUTLIERS,Engine Size(L),448
OUTLIERS,Engine Size(L),449
OUTLIERS,Engine Size(L),451
OUTLIERS,Engine Size(L),452
OUTLIERS,Engine Size(L),455
OUTLIERS,Engine Size(L),456
OUTLIERS,Engine Size(L),457
OUTLIERS,Engine Size(L),460
OUTLIERS,Engine Size(L),461
OUTLIERS,Engine Size(L),462
OUTLIERS,Engine Size(L),469
OUTLIERS,Engine Size(L),470
OUTLIERS,Engine Size(L),471
OUTLIERS,Engine Size(L),472
OUTLIERS,Engine Size(L),473
OUTLIERS,Engine Size(L),474
OUTLIERS,Engine Size(L),475
OUTLIERS,Engine Size(L),476
OUTLIERS,Engine Size(L),477
OUTLIERS,Engine Size(L),478
OUTLIERS,Engine Size(L),479
OUTLIERS,Engine Size(L),480
OUTLIERS,Engine Size(L),506
OUTLIERS,Engine Size(L),536
OUTLIERS,Engine Size(L),538
OUTLIERS,Engine Size(L),545
OUTLIERS,Engine Size(L),546
OUTLIERS,Engine Size(L),549
OUTLIERS,Engine Size(L),552
OUTLIERS,Engine Size(L),553
OUTLIERS,Engine Size(L),554
OUTLIERS,Engine Size(L),556
OUTLIERS,Engine Size(L),557
OUTLIERS,Engine Size(L),559
OUTLIERS,Engine Size(L),560
OUTLIERS,Engine Size(L),561
OUTLIERS,Engine Size(L),562
OUTLIERS,Engine Size(L),563
OUTLIERS,Engine Size(L),564
OUTLIERS,Engine Size(L),565
OUTLIERS,Engine Size(L),566
OUTLIERS,Engine Size(L),567
OUTLIERS,Engine Size(L),568
OUTLIERS,Engine Size(L),585
OUTLIERS,Engine Size(L),589
OUTLIERS,Engine Size(L),637
OUTLIERS,Engine Size(L),638
OUTLIERS,Engine Size(L),639
OUTLIERS,Engine Size(L),644
OUTLIERS,Engine Size(L),645
OUTLIERS,Engine Size(L),646
OUTLIERS,Engine Size(L),650
OUTLIERS,Engine Size(L),651
OUTLIERS,Engine Size(L),652
OUTLIERS,Engine Size(L),656
OUTLIERS,Engine Size(L),657
OUTLIERS,Engine Size(L),658
OUTLIERS,Engine Size(L),672
OUTLIERS,Engine Size(L),676
OUTLIERS,Engine Size(L),677
OUTLIERS,Engine Size(L),690
OUTLIERS,Engine Size(L),691
OUTLIERS,Engine Size(L),734
OUTLIERS,Engine Size(L),735
OUTLIERS,Engine Size(L),737
OUTLIERS,Engine Size(L),741
OUTLIERS,Engine Size(L),742
OUTLIERS,Engine Size(L),754
OUTLIERS,Engine Size(L),755
OUTLIERS,Engine Size(L),756
OUTLIERS,Engine Size(L),757
OUTLIERS,Engine Size(L),758
OUTLIERS,Engine Size(L),759
OUTLIERS,Engine Size(L),763
OUTLIERS,Engine Size(L),770
OUTLIERS,Engine Size(L),773
OUTLIERS,Engine Size(L),775
OUTLIERS,Engine Size(L),776
OUTLIERS,Engine Size(L),780
OUTLIERS,Engine Size(L),781
OUTLIERS,Engine Size(L),782
OUTLIERS,Engine Size(L),783
OUTLIERS,Engine Size(L),842
OUTLIERS,Engine Size(L),863
OUTLIERS,Engine Size(L),864
OUTLIERS,Engine Size(L),914
OUTLIERS,Engine Size(L),915
OUTLIERS,Engine Size(L),916
OUTLIERS,Engine Size(L),917
OUTLIERS,Engine Size(L),927
OUTLIERS,Engine Size(L),928
OUTLIERS,Engine Size(L),929
OUTLIERS,Engine Size(L),930
OUTLIERS,Engine Size(L),931
OUTLIERS,Engine Size(L),932
OUTLIERS,Engine Size(L),933
OUTLIERS,Engine Size(L),945
OUTLIERS,Engine Size(L),946
OUTLIERS,Engine Size(L),998
OUTLIERS,Engine Size(L),1010
OUTLIERS,Engine Size(L),1012
OUTLIERS,Engine Size(L),1082
OUTLIERS,Engine Size(L),1083
OUTLIERS,Engine Size(L),1088
OUTLIERS,Engine Size(L),1091
OUTLIERS,Engine Size(L),1113
OUTLIERS,Engine Size(L),1125
OUTLIERS,Engine Size(L),1126
OUTLIERS,Engine Size(L),1129
OUTLIERS,Engine Size(L),1130
OUTLIERS,Engine Size(L),1149
OUTLIERS,Engine Size(L),1151
OUTLIERS,Engine Size(L),1154
OUTLIERS,Engine Size(L),1155
OUTLIERS,Engine Size(L),1208
OUTLIERS,Engine Size(L),1280
OUTLIERS,Engine Size(L),1281
OUTLIERS,Engine Size(L),1282
OUTLIERS,Engine Size(L),1283
OUTLIERS,Engine Size(L),1291
OUTLIERS,Engine Size(L),1292
OUTLIERS,Engine Size(L),1294
OUTLIERS,Engine Size(L),1295
OUTLIERS,Engine Size(L),1296
OUTLIERS,Engine Size(L),1303
OUTLIERS,Engine Size(L),1304
OUTLIERS,Engine Size(L),1305
OUTLIERS,Engine Size(L),1306
OUTLIERS,Engine Size(L),1323
OUTLIERS,Engine Size(L),1324
OUTLIERS,Engine Size(L),1325
OUTLIERS,Engine Size(L),1327
OUTLIERS,Engine Size(L),1328
OUTLIERS,Engine Size(L),1329
OUTLIERS,Engine Size(L),1337
OUTLIERS,Engine Size(L),1338
OUTLIERS,Engine Size(L),1339
OUTLIERS,Engine Size(L),1342
OUTLIERS,Engine Size(L),1343
OUTLIERS,Engine Size(L),1344
OUTLIERS,Engine Size(L),1359
OUTLIERS,Engine Size(L),1360
OUTLIERS,Engine Size(L),1361
OUTLIERS,Engine Size(L),1362
OUTLIERS,Engine Size(L),1363
OUTLIERS,Engine Size(L),1364
OUTLIERS,Engine Size(L),1365
OUTLIERS,Engine Size(L),1366
OUTLIERS,Engine Size(L),1384
OUTLIERS,Engine Size(L),1391
OUTLIERS,Engine Size(L),1392
OUTLIERS,Engine Size(L),1393
OUTLIERS,Engine Size(L),1394
OUTLIERS,Engine Size(L),1395
OUTLIERS,Engine Size(L),1396
OUTLIERS,Engine Size(L),1397
OUTLIERS,Engine Size(L),1398
OUTLIERS,Engine Size(L),1405
OUTLIERS,Engine Size(L),1406
OUTLIERS,Engine Size(L),1410
OUTLIERS,Engine Size(L),1411
OUTLIERS,Engine Size(L),1412
OUTLIERS,Engine Size(L),1424
OUTLIERS,Engine Size(L),1431
OUTLIERS,Engine Size(L),1469
OUTLIERS,Engine Size(L),1470
OUTLIERS,Engine Size(L),1475
OUTLIERS,Engine Size(L),1476
OUTLIERS,Engine Size(L),1503
OUTLIERS,Engine Size(L),1504
OUTLIERS,Engine Size(L),1506
OUTLIERS,Engine Size(L),1528
OUTLIERS,Engine Size(L),1529
OUTLIERS,Engine Size(L),1530
OUTLIERS,Engine Size(L),1532
OUTLIERS,Engine Size(L),1533
OUTLIERS,Engine Size(L),1534
OUTLIERS,Engine Size(L),1537
OUTLIERS,Engine Size(L),1538
OUTLIERS,Engine Size(L),1539
OUTLIERS,Engine Size(L),1542
OUTLIERS,Engine Size(L),1543
OUTLIERS,Engine Size(L),1544
OUTLIERS,Engine Size(L),1551
OUTLIERS,Engine Size(L),1552
OUTLIERS,Engine Size(L),1553
OUTLIERS,Engine Size(L),1554
OUTLIERS,Engine Size(L),1555
OUTLIERS,Engine Size(L),1556
OUTLIERS,Engine Size(L),1557
OUTLIERS,Engine Size(L),1558
OUTLIERS,Engine Size(L),1559
OUTLIERS,Engine Size(L),1560
OUTLIERS,Engine Size(L),1561
OUTLIERS,Engine Size(L),1562
OUTLIERS,Engine Size(L),1595
OUTLIERS,Engine Size(L),1597
OUTLIERS,Engine Size(L),1630
OUTLIERS,Engine Size(L),1632
OUTLIERS,Engine Size(L),1639
OUTLIERS,Engine Size(L),1644
OUTLIERS,Engine Size(L),1645
OUTLIERS,Engine Size(L),1648
OUTLIERS,Engine Size(L),1649
OUTLIERS,Engine Size(L),1650
OUTLIERS,Engine Size(L),1652
OUTLIERS,Engine Size(L),1653
OUTLIERS,Engine Size(L),1655
OUTLIERS,Engine Size(L),1656
OUTLIERS,Engine Size(L),1657
OUTLIERS,Engine Size(L),1658
OUTLIERS,Engine Size(L),1659
OUTLIERS,Engine Size(L),1660
OUTLIERS,Engine Size(L),1661
OUTLIERS,Engine Size(L),1662
OUTLIERS,Engine Size(L),1685
OUTLIERS,Engine Size(L),1686
OUTLIERS,Engine Size(L),1717
OUTLIERS,Engine Size(L),1742
OUTLIERS,Engine Size(L),1743
OUTLIERS,Engine Size(L),1744
OUTLIERS,Engine Size(L),1745
OUTLIERS,Engine Size(L),1749
OUTLIERS,Engine Size(L),1750
OUTLIERS,Engine Size(L),1751
OUTLIERS,Engine Size(L),1752
OUTLIERS,Engine Size(L),1756
OUTLIERS,Engine Size(L),1757
OUTLIERS,Engine Size(L),1774
OUTLIERS,Engine Size(L),1775
OUTLIERS,Engine Size(L),1781
OUTLIERS,Engine Size(L),1836
OUTLIERS,Engine Size(L),1842
OUTLIERS,Engine Size(L),1852
OUTLIERS,Engine Size(L),1853
OUTLIERS,Engine Size(L),1854
OUTLIERS,Engine Size(L),1855
OUTLIERS,Engine Size(L),1859
OUTLIERS,Engine Size(L),1867
OUTLIERS,Engine Size(L),1872
OUTLIERS,Engine Size(L),1873
OUTLIERS,Engine Size(L),1874
OUTLIERS,Engine Size(L),1875
OUTLIERS,Engine Size(L),1876
OUTLIERS,Engine Size(L),1878
OUTLIERS,Engine Size(L),1879
OUTLIERS,Engine Size(L),1883
OUTLIERS,Engine Size(L),1884
OUTLIERS,Engine Size(L),1885
OUTLIERS,Engine Size(L),1949
OUTLIERS,Engine Size(L),1973
OUTLIERS,Engine Size(L),1974
OUTLIERS,Engine Size(L),2045
OUTLIERS,Engine Size(L),2046
OUTLIERS,Engine Size(L),2052
OUTLIERS,Engine Size(L),2053
OUTLIERS,Engine Size(L),2058
OUTLIERS,Engine Size(L),2059
OUTLIERS,Engine Size(L),2060
OUTLIERS,Engine Size(L),2061
OUTLIERS,Engine Size(L),2062
OUTLIERS,Engine Size(L),2063
OUTLIERS,Engine Size(L),2064
OUTLIERS,Engine Size(L),2120
OUTLIERS,Engine Size(L),2131
OUTLIERS,Engine Size(L),2133
OUTLIERS,Engine Size(L),2212
OUTLIERS,Engine Size(L),2213
OUTLIERS,Engine Size(L),2214
OUTLIERS,Engine Size(L),2221
OUTLIERS,Engine Size(L),2241
OUTLIERS,Engine Size(L),2263
OUTLIERS,Engine Size(L),2265
OUTLIERS,Engine Size(L),2267
OUTLIERS,Engine Size(L),2268
OUTLIERS,Engine Size(L),2391
OUTLIERS,Engine Size(L),2392
OUTLIERS,Engine Size(L),2402
OUTLIERS,Engine Size(L),2403
OUTLIERS,Engine Size(L),2412
OUTLIERS,Engine Size(L),2413
OUTLIERS,Engine Size(L),2414
OUTLIERS,Engine Size(L),2415
OUTLIERS,Engine Size(L),2433
OUTLIERS,Engine Size(L),2434
OUTLIERS,Engine Size(L),2444
OUTLIERS,Engine Size(L),2445
OUTLIERS,Engine Size(L),2448
OUTLIERS,Engine Size(L),2449
OUTLIERS,Engine Size(L),2450
OUTLIERS,Engine Size(L),2451
OUTLIERS,Engine Size(L),2454
OUTLIERS,Engine Size(L),2455
OUTLIERS,Engine Size(L),2456
OUTLIERS,Engine Size(L),2471
OUTLIERS,Engine Size(L),2472
OUTLIERS,Engine Size(L),2473
OUTLIERS,Engine Size(L),2474
OUTLIERS,Engine Size(L),2475
OUTLIERS,Engine Size(L),2476
OUTLIERS,Engine Size(L),2477
OUTLIERS,Engine Size(L),2478
OUTLIERS,Engine Size(L),2479
OUTLIERS,Engine Size(L),2480
OUTLIERS,Engine Size(L),2481
OUTLIERS,Engine Size(L),2482
OUTLIERS,Engine Size(L),2497
OUTLIERS,Engine Size(L),2504
OUTLIERS,Engine Size(L),2505
OUTLIERS,Engine Size(L),2506
OUTLIERS,Engine Size(L),2507
OUTLIERS,Engine Size(L),2508
OUTLIERS,Engine Size(L),2509
OUTLIERS,Engine Size(L),2510
OUTLIERS,Engine Size(L),2511
OUTLIERS,Engine Size(L),2518
OUTLIERS,Engine Size(L),2519
OUTLIERS,Engine Size(L),2520
OUTLIERS,Engine Size(L),2524
OUTLIERS,Engine Size(L),2525
OUTLIERS,Engine Size(L),2526
OUTLIERS,Engine Size(L),2537
OUTLIERS,Engine Size(L),2544
OUTLIERS,Engine Size(L),2588
OUTLIERS,Engine Size(L),2589
OUTLIERS,Engine Size(L),2590
OUTLIERS,Engine Size(L),2591
OUTLIERS,Engine Size(L),2598
OUTLIERS,Engine Size(L),2599
OUTLIERS,Engine Size(L),2600
OUTLIERS,Engine Size(L),2601
OUTLIERS,Engine Size(L),2629
OUTLIERS,Engine Size(L),2630
OUTLIERS,Engine Size(L),2632
OUTLIERS,Engine Size(L),2633
OUTLIERS,Engine Size(L),2662
OUTLIERS,Engine Size(L),2663
OUTLIERS,Engine Size(L),2664
OUTLIERS,Engine Size(L),2665
OUTLIERS,Engine Size(L),2668
OUTLIERS,Engine Size(L),2669
OUTLIERS,Engine Size(L),2670
OUTLIERS,Engine Size(L),2671
OUTLIERS,Engine Size(L),2674
OUTLIERS,Engine Size(L),2675
OUTLIERS,Engine Size(L),2676
OUTLIERS,Engine Size(L),2683
OUTLIERS,Engine Size(L),2684
OUTLIERS,Engine Size(L),2685
OUTLIERS,Engine Size(L),2686
OUTLIERS,Engine Size(L),2687
OUTLIERS,Engine Size(L),2688
OUTLIERS,Engine Size(L),2689
OUTLIERS,Engine Size(L),2690
OUTLIERS,Engine Size(L),2691
OUTLIERS,Engine Size(L),2692
OUTLIERS,Engine Size(L),2693
OUTLIERS,Engine Size(L),2694
OUTLIERS,Engine Size(L),2695
OUTLIERS,Engine Size(L),2696
OUTLIERS,Engine Size(L),2733
OUTLIERS,Engine Size(L),2735
OUTLIERS,Engine Size(L),2766
OUTLIERS,Engine Size(L),2773
OUTLIERS,Engine Size(L),2778
OUTLIERS,Engine Size(L),2779
OUTLIERS,Engine Size(L),2780
OUTLIERS,Engine Size(L),2790
OUTLIERS,Engine Size(L),2791
OUTLIERS,Engine Size(L),2812
OUTLIERS,Engine Size(L),2814
OUTLIERS,Engine Size(L),2845
OUTLIERS,Engine Size(L),2872
OUTLIERS,Engine Size(L),2873
OUTLIERS,Engine Size(L),2874
OUTLIERS,Engine Size(L),2875
OUTLIERS,Engine Size(L),2880
OUTLIERS,Engine Size(L),2881
OUTLIERS,Engine Size(L),2884
OUTLIERS,Engine Size(L),2895
OUTLIERS,Engine Size(L),2904
OUTLIERS,Engine Size(L),2905
OUTLIERS,Engine Size(L),2913
OUTLIERS,Engine Size(L),2967
OUTLIERS,Engine Size(L),2968
OUTLIERS,Engine Size(L),2969
OUTLIERS,Engine Size(L),2970
OUTLIERS,Engine Size(L),2971
OUTLIERS,Engine Size(L),2972
OUTLIERS,Engine Size(L),2974
OUTLIERS,Engine Size(L),2975
OUTLIERS,Engine Size(L),2977
OUTLIERS,Engine Size(L),2978
OUTLIERS,Engine Size(L),2979
OUTLIERS,Engine Size(L),2980
OUTLIERS,Engine Size(L),2981
OUTLIERS,Engine Size(L),2982
OUTLIERS,Engine Size(L),2983
OUTLIERS,Engine Size(L),3002
OUTLIERS,Engine Size(L),3012
OUTLIERS,Engine Size(L),3019
OUTLIERS,Engine Size(L),3166
OUTLIERS,Engine Size(L),3167
OUTLIERS,Engine Size(L),3172
OUTLIERS,Engine Size(L),3173
OUTLIERS,Engine Size(L),3176
OUTLIERS,Engine Size(L),3177
OUTLIERS,Engine Size(L),3178
OUTLIERS,Engine Size(L),3179
OUTLIERS,Engine Size(L),3180
OUTLIERS,Engine Size(L),3181
OUTLIERS,Engine Size(L),3182
OUTLIERS,Engine Size(L),3237
OUTLIERS,Engine Size(L),3248
OUTLIERS,Engine Size(L),3250
OUTLIERS,Engine Size(L),3327
OUTLIERS,Engine Size(L),3328
OUTLIERS,Engine Size(L),3329
OUTLIERS,Engine Size(L),3330
OUTLIERS,Engine Size(L),3331
OUTLIERS,Engine Size(L),3354
OUTLIERS,Engine Size(L),3355
OUTLIERS,Engine Size(L),3368
OUTLIERS,Engine Size(L),3370
OUTLIERS,Engine Size(L),3372
OUTLIERS,Engine Size(L),3374
OUTLIERS,Engine Size(L),3375
OUTLIERS,Engine Size(L),3376
OUTLIERS,Engine Size(L),3436
OUTLIERS,Engine Size(L),3479
OUTLIERS,Engine Size(L),3480
OUTLIERS,Engine Size(L),3490
OUTLIERS,Engine Size(L),3491
OUTLIERS,Engine Size(L),3492
OUTLIERS,Engine Size(L),3493
OUTLIERS,Engine Size(L),3504
OUTLIERS,Engine Size(L),3505
OUTLIERS,Engine Size(L),3506
OUTLIERS,Engine Size(L),3507
OUTLIERS,Engine Size(L),3524
OUTLIERS,Engine Size(L),3525
OUTLIERS,Engine Size(L),3532
OUTLIERS,Engine Size(L),3533
OUTLIERS,Engine Size(L),3534
OUTLIERS,Engine Size(L),3537
OUTLIERS,Engine Size(L),3538
OUTLIERS,Engine Size(L),3539
OUTLIERS,Engine Size(L),3540
OUTLIERS,Engine Size(L),3541
OUTLIERS,Engine Size(L),3544
OUTLIERS,Engine Size(L),3545
OUTLIERS,Engine Size(L),3546
OUTLIERS,Engine Size(L),3557
OUTLIERS,Engine Size(L),3558
OUTLIERS,Engine Size(L),3559
OUTLIERS,Engine Size(L),3560
OUTLIERS,Engine Size(L),3561
OUTLIERS,Engine Size(L),3562
OUTLIERS,Engine Size(L),3563
OUTLIERS,Engine Size(L),3564
OUTLIERS,Engine Size(L),3565
OUTLIERS,Engine Size(L),3566
OUTLIERS,Engine Size(L),3567
OUTLIERS,Engine Size(L),3568
OUTLIERS,Engine Size(L),3581
OUTLIERS,Engine Size(L),3588
OUTLIERS,Engine Size(L),3589
OUTLIERS,Engine Size(L),3590
OUTLIERS,Engine Size(L),3591
OUTLIERS,Engine Size(L),3593
OUTLIERS,Engine Size(L),3594
OUTLIERS,Engine Size(L),3595
OUTLIERS,Engine Size(L),3596
OUTLIERS,Engine Size(L),3599
OUTLIERS,Engine Size(L),3600
OUTLIERS,Engine Size(L),3601
OUTLIERS,Engine Size(L),3605
OUTLIERS,Engine Size(L),3606
OUTLIERS,Engine Size(L),3607
OUTLIERS,Engine Size(L),3609
OUTLIERS,Engine Size(L),3616
OUTLIERS,Engine Size(L),3661
OUTLIERS,Engine Size(L),3662
OUTLIERS,Engine Size(L),3663
OUTLIERS,Engine Size(L),3664
OUTLIERS,Engine Size(L),3673
OUTLIERS,Engine Size(L),3674
OUTLIERS,Engine Size(L),3675
OUTLIERS,Engine Size(L),3676
OUTLIERS,Engine Size(L),3677
OUTLIERS,Engine Size(L),3678
OUTLIERS,Engine Size(L),3710
OUTLIERS,Engine Size(L),3711
OUTLIERS,Engine Size(L),3712
OUTLIERS,Engine Size(L),3715
OUTLIERS,Engine Size(L),3716
OUTLIERS,Engine Size(L),3717
OUTLIERS,Engine Size(L),3732
OUTLIERS,Engine Size(L),3734
OUTLIERS,Engine Size(L),3746
OUTLIERS,Engine Size(L),3747
OUTLIERS,Engine Size(L),3748
OUTLIERS,Engine Size(L),3749
OUTLIERS,Engine Size(L),3750
OUTLIERS,Engine Size(L),3753
OUTLIERS,Engine Size(L),3754
OUTLIERS,Engine Size(L),3755
OUTLIERS,Engine Size(L),3756
OUTLIERS,Engine Size(L),3757
OUTLIERS,Engine Size(L),3760
OUTLIERS,Engine Size(L),3761
OUTLIERS,Engine Size(L),3762
OUTLIERS,Engine Size(L),3769
OUTLIERS,Engine Size(L),3770
OUTLIERS,Engine Size(L),3771
OUTLIERS,Engine Size(L),3772
OUTLIERS,Engine Size(L),3773
OUTLIERS,Engine Size(L),3774
OUTLIERS,Engine Size(L),3775
OUTLIERS,Engine Size(L),3776
OUTLIERS,Engine Size(L),3777
OUTLIERS,Engine Size(L),3778
OUTLIERS,Engine Size(L),3779
OUTLIERS,Engine Size(L),3780
OUTLIERS,Engine Size(L),3781
OUTLIERS,Engine Size(L),3782
OUTLIERS,Engine Size(L),3851
OUTLIERS,Engine Size(L),3860
OUTLIERS,Engine Size(L),3866
OUTLIERS,Engine Size(L),3867
OUTLIERS,Engine Size(L),3880
OUTLIERS,Engine Size(L),3881
OUTLIERS,Engine Size(L),3898
OUTLIERS,Engine Size(L),3899
OUTLIERS,Engine Size(L),3932
OUTLIERS,Engine Size(L),3958
OUTLIERS,Engine Size(L),3959
OUTLIERS,Engine Size(L),3960
OUTLIERS,Engine Size(L),3961
OUTLIERS,Engine Size(L),3962
OUTLIERS,Engine Size(L),3963
OUTLIERS,Engine Size(L),3972
OUTLIERS,Engine Size(L),3979
OUTLIERS,Engine Size(L),3985
OUTLIERS,Engine Size(L),4047
OUTLIERS,Engine Size(L),4048
OUTLIERS,Engine Size(L),4049
OUTLIERS,Engine Size(L),4054
OUTLIERS,Engine Size(L),4055
OUTLIERS,Engine Size(L),4056
OUTLIERS,Engine Size(L),4059
OUTLIERS,Engine Size(L),4060
OUTLIERS,Engine Size(L),4061
OUTLIERS,Engine Size(L),4062
OUTLIERS,Engine Size(L),4063
OUTLIERS,Engine Size(L),4064
OUTLIERS,Engine Size(L),4065
OUTLIERS,Engine Size(L),4066
OUTLIERS,Engine Size(L),4089
OUTLIERS,Engine Size(L),4097
OUTLIERS,Engine Size(L),4157
OUTLIERS,Engine Size(L),4189
OUTLIERS,Engine Size(L),4190
OUTLIERS,Engine Size(L),4191
OUTLIERS,Engine Size(L),4238
OUTLIERS,Engine Size(L),4239
OUTLIERS,Engine Size(L),4243
OUTLIERS,Engine Size(L),4244
OUTLIERS,Engine Size(L),4247
OUTLIERS,Engine Size(L),4248
OUTLIERS,Engine Size(L),4249
OUTLIERS,Engine Size(L),4250
OUTLIERS,Engine Size(L),4251
OUTLIERS,Engine Size(L),4252
OUTLIERS,Engine Size(L),4253
OUTLIERS,Engine Size(L),4254
OUTLIERS,Engine Size(L),4305
OUTLIERS,Engine Size(L),4316
OUTLIERS,Engine Size(L),4318
OUTLIERS,Engine Size(L),4390
OUTLIERS,Engine Size(L),4391
OUTLIERS,Engine Size(L),4392
OUTLIERS,Engine Size(L),4415
OUTLIERS,Engine Size(L),4416
OUTLIERS,Engine Size(L),4417
OUTLIERS,Engine Size(L),4434
OUTLIERS,Engine Size(L),4435
OUTLIERS,Engine Size(L),4436
OUTLIERS,Engine Size(L),4438
OUTLIERS,Engine Size(L),4439
OUTLIERS,Engine Size(L),4495
OUTLIERS,Engine Size(L),4509
OUTLIERS,Engine Size(L),4539
OUTLIERS,Engine Size(L),4540
OUTLIERS,Engine Size(L),4550
OUTLIERS,Engine Size(L),4551
OUTLIERS,Engine Size(L),4552
OUTLIERS,Engine Size(L),4553
OUTLIERS,Engine Size(L),4564
OUTLIERS,Engine Size(L),4565
OUTLIERS,Engine Size(L),4566
OUTLIERS,Engine Size(L),4567
OUTLIERS,Engine Size(L),4591
OUTLIERS,Engine Size(L),4592
OUTLIERS,Engine Size(L),4593
OUTLIERS,Engine Size(L),4594
OUTLIERS,Engine Size(L),4595
OUTLIERS,Engine Size(L),4596
OUTLIERS,Engine Size(L),4599
OUTLIERS,Engine Size(L),4600
OUTLIERS,Engine Size(L),4601
OUTLIERS,Engine Size(L),4602
OUTLIERS,Engine Size(L),4603
OUTLIERS,Engine Size(L),4604
OUTLIERS,Engine Size(L),4615
OUTLIERS,Engine Size(L),4616
OUTLIERS,Engine Size(L),4617
OUTLIERS,Engine Size(L),4618
OUTLIERS,Engine Size(L),4619
OUTLIERS,Engine Size(L),4620
OUTLIERS,Engine Size(L),4621
OUTLIERS,Engine Size(L),4622
OUTLIERS,Engine Size(L),4623
OUTLIERS,Engine Size(L),4624
OUTLIERS,Engine Size(L),4625
OUTLIERS,Engine Size(L),4626
OUTLIERS,Engine Size(L),4627
OUTLIERS,Engine Size(L),4637
OUTLIERS,Engine Size(L),4644
OUTLIERS,Engine Size(L),4645
OUTLIERS,Engine Size(L),4646
OUTLIERS,Engine Size(L),4647
OUTLIERS,Engine Size(L),4651
OUTLIERS,Engine Size(L),4652
OUTLIERS,Engine Size(L),4653
OUTLIERS,Engine Size(L),4654
OUTLIERS,Engine Size(L),4655
OUTLIERS,Engine Size(L),4662
OUTLIERS,Engine Size(L),4663
OUTLIERS,Engine Size(L),4664
OUTLIERS,Engine Size(L),4668
OUTLIERS,Engine Size(L),4669
OUTLIERS,Engine Size(L),4670
OUTLIERS,Engine Size(L),4672
OUTLIERS,Engine Size(L),4673
OUTLIERS,Engine Size(L),4727
OUTLIERS,Engine Size(L),4728
OUTLIERS,Engine Size(L),4729
OUTLIERS,Engine Size(L),4730
OUTLIERS,Engine Size(L),4731
OUTLIERS,Engine Size(L),4732
OUTLIERS,Engine Size(L),4733
OUTLIERS,Engine Size(L),4734
OUTLIERS,Engine Size(L),4735
OUTLIERS,Engine Size(L),4751
OUTLIERS,Engine Size(L),4752
OUTLIERS,Engine Size(L),4753
OUTLIERS,Engine Size(L),4754
OUTLIERS,Engine Size(L),4755
OUTLIERS,Engine Size(L),4756
OUTLIERS,Engine Size(L),4757
OUTLIERS,Engine Size(L),4758
OUTLIERS,Engine Size(L),4759
OUTLIERS,Engine Size(L),4785
OUTLIERS,Engine Size(L),4786
OUTLIERS,Engine Size(L),4789
OUTLIERS,Engine Size(L),4790
OUTLIERS,Engine Size(L),4804
OUTLIERS,Engine Size(L),4806
OUTLIERS,Engine Size(L),4820
OUTLIERS,Engine Size(L),4821
OUTLIERS,Engine Size(L),4822
OUTLIERS,Engine Size(L),4823
OUTLIERS,Engine Size(L),4824
OUTLIERS,Engine Size(L),4825
OUTLIERS,Engine Size(L),4828
OUTLIERS,Engine Size(L),4829
OUTLIERS,Engine Size(L),4830
OUTLIERS,Engine Size(L),4831
OUTLIERS,Engine Size(L),4832
OUTLIERS,Engine Size(L),4833
OUTLIERS,Engine Size(L),4839
OUTLIERS,Engine Size(L),4840
OUTLIERS,Engine Size(L),4841
OUTLIERS,Engine Size(L),4842
OUTLIERS,Engine Size(L),4843
OUTLIERS,Engine Size(L),4844
OUTLIERS,Engine Size(L),4845
OUTLIERS,Engine Size(L),4846
OUTLIERS,Engine Size(L),4847
OUTLIERS,Engine Size(L),4848
OUTLIERS,Engine Size(L),4849
OUTLIERS,Engine Size(L),4850
OUTLIERS,Engine Size(L),4851
OUTLIERS,Engine Size(L),4852
OUTLIERS,Engine Size(L),4925
OUTLIERS,Engine Size(L),4929
OUTLIERS,Engine Size(L),4945
OUTLIERS,Engine Size(L),4946
OUTLIERS,Engine Size(L),4955
OUTLIERS,Engine Size(L),4973
OUTLIERS,Engine Size(L),4974
OUTLIERS,Engine Size(L),4975
OUTLIERS,Engine Size(L),5000
OUTLIERS,Engine Size(L),5025
OUTLIERS,Engine Size(L),5026
OUTLIERS,Engine Size(L),5027
OUTLIERS,Engine Size(L),5028
OUTLIERS,Engine Size(L),5029
OUTLIERS,Engine Size(L),5030
OUTLIERS,Engine Size(L),5031
OUTLIERS,Engine Size(L),5032
OUTLIERS,Engine Size(L),5042
OUTLIERS,Engine Size(L),5047
OUTLIERS,Engine Size(L),5053
OUTLIERS,Engine Size(L),5059
OUTLIERS,Engine Size(L),5125
OUTLIERS,Engine Size(L),5126
OUTLIERS,Engine Size(L),5132
OUTLIERS,Engine Size(L),5133
OUTLIERS,Engine Size(L),5134
OUTLIERS,Engine Size(L),5144
OUTLIERS,Engine Size(L),5145
OUTLIERS,Engine Size(L),5146
OUTLIERS,Engine Size(L),5169
OUTLIERS,Engine Size(L),5227
OUTLIERS,Engine Size(L),5255
OUTLIERS,Engine Size(L),5256
OUTLIERS,Engine Size(L),5257
OUTLIERS,Engine Size(L),5332
OUTLIERS,Engine Size(L),5333
OUTLIERS,Engine Size(L),5337
OUTLIERS,Engine Size(L),5338
OUTLIERS,Engine Size(L),5341
OUTLIERS,Engine Size(L),5342
OUTLIERS,Engine Size(L),5343
OUTLIERS,Engine Size(L),5344
OUTLIERS,Engine Size(L),5345
OUTLIERS,Engine Size(L),5346
OUTLIERS,Engine Size(L),5399
OUTLIERS,Engine Size(L),5408
OUTLIERS,Engine Size(L),5410
OUTLIERS,Engine Size(L),5475
OUTLIERS,Engine Size(L),5476
OUTLIERS,Engine Size(L),5477
OUTLIERS,Engine Size(L),5478
OUTLIERS,Engine Size(L),5511
OUTLIERS,Engine Size(L),5559
OUTLIERS,Engine Size(L),5575
OUTLIERS,Engine Size(L),5598
OUTLIERS,Engine Size(L),5599
OUTLIERS,Engine Size(L),5614
OUTLIERS,Engine Size(L),5615
OUTLIERS,Engine Size(L),5616
OUTLIERS,Engine Size(L),5617
OUTLIERS,Engine Size(L),5627
OUTLIERS,Engine Size(L),5628
OUTLIERS,Engine Size(L),5629
OUTLIERS,Engine Size(L),5630
OUTLIERS,Engine Size(L),5631
OUTLIERS,Engine Size(L),5632
OUTLIERS,Engine Size(L),5652
OUTLIERS,Engine Size(L),5653
OUTLIERS,Engine Size(L),5654
OUTLIERS,Engine Size(L),5655
OUTLIERS,Engine Size(L),5659
OUTLIERS,Engine Size(L),5660
OUTLIERS,Engine Size(L),5661
OUTLIERS,Engine Size(L),5662
OUTLIERS,Engine Size(L),5663
OUTLIERS,Engine Size(L),5664
OUTLIERS,Engine Size(L),5665
OUTLIERS,Engine Size(L),5666
OUTLIERS,Engine Size(L),5667
OUTLIERS,Engine Size(L),5670
OUTLIERS,Engine Size(L),5671
OUTLIERS,Engine Size(L),5672
OUTLIERS,Engine Size(L),5673
OUTLIERS,Engine Size(L),5674
OUTLIERS,Engine Size(L),5675
OUTLIERS,Engine Size(L),5676
OUTLIERS,Engine Size(L),5677
OUTLIERS,Engine Size(L),5678
OUTLIERS,Engine Size(L),5679
OUTLIERS,Engine Size(L),5680
OUTLIERS,Engine Size(L),5681
OUTLIERS,Engine Size(L),5682
OUTLIERS,Engine Size(L),5683
OUTLIERS,Engine Size(L),5692
OUTLIERS,Engine Size(L),5699
OUTLIERS,Engine Size(L),5700
OUTLIERS,Engine Size(L),5701
OUTLIERS,Engine Size(L),5702
OUTLIERS,Engine Size(L),5704
OUTLIERS,Engine Size(L),5705
OUTLIERS,Engine Size(L),5706
OUTLIERS,Engine Size(L),5713
OUTLIERS,Engine Size(L),5714
OUTLIERS,Engine Size(L),5715
OUTLIERS,Engine Size(L),5719
OUTLIERS,Engine Size(L),5720
OUTLIERS,Engine Size(L),5722
OUTLIERS,Engine Size(L),5723
OUTLIERS,Engine Size(L),5764
OUTLIERS,Engine Size(L),5765
OUTLIERS,Engine Size(L),5766
OUTLIERS,Engine Size(L),5767
OUTLIERS,Engine Size(L),5768
OUTLIERS,Engine Size(L),5769
OUTLIERS,Engine Size(L),5784
OUTLIERS,Engine Size(L),5785
OUTLIERS,Engine Size(L),5786
OUTLIERS,Engine Size(L),5787
OUTLIERS,Engine Size(L),5788
OUTLIERS,Engine Size(L),5789
OUTLIERS,Engine Size(L),5804
OUTLIERS,Engine Size(L),5805
OUTLIERS,Engine Size(L),5806
OUTLIERS,Engine Size(L),5809
OUTLIERS,Engine Size(L),5811
OUTLIERS,Engine Size(L),5832
OUTLIERS,Engine Size(L),5834
OUTLIERS,Engine Size(L),5848
OUTLIERS,Engine Size(L),5849
OUTLIERS,Engine Size(L),5850
OUTLIERS,Engine Size(L),5851
OUTLIERS,Engine Size(L),5854
OUTLIERS,Engine Size(L),5855
OUTLIERS,Engine Size(L),5856
OUTLIERS,Engine Size(L),5857
OUTLIERS,Engine Size(L),5858
OUTLIERS,Engine Size(L),5859
OUTLIERS,Engine Size(L),5860
OUTLIERS,Engine Size(L),5861
OUTLIERS,Engine Size(L),5862
OUTLIERS,Engine Size(L),5868
OUTLIERS,Engine Size(L),5869
OUTLIERS,Engine Size(L),5870
OUTLIERS,Engine Size(L),5871
OUTLIERS,Engine Size(L),5872
OUTLIERS,Engine Size(L),5873
OUTLIERS,Engine Size(L),5874
OUTLIERS,Engine Size(L),5875
OUTLIERS,Engine Size(L),5876
OUTLIERS,Engine Size(L),5877
OUTLIERS,Engine Size(L),5878
OUTLIERS,Engine Size(L),5879
OUTLIERS,Engine Size(L),5880
OUTLIERS,Engine Size(L),5881
OUTLIERS,Engine Size(L),5961
OUTLIERS,Engine Size(L),5964
OUTLIERS,Engine Size(L),5981
OUTLIERS,Engine Size(L),5982
OUTLIERS,Engine Size(L),5991
OUTLIERS,Engine Size(L),6007
OUTLIERS,Engine Size(L),6009
OUTLIERS,Engine Size(L),6010
OUTLIERS,Engine Size(L),6045
OUTLIERS,Engine Size(L),6046
OUTLIERS,Engine Size(L),6047
OUTLIERS,Engine Size(L),6048
OUTLIERS,Engine Size(L),6049
OUTLIERS,Engine Size(L),6050
OUTLIERS,Engine Size(L),6051
OUTLIERS,Engine Size(L),6052
OUTLIERS,Engine Size(L),6059
OUTLIERS,Engine Size(L),6060
OUTLIERS,Engine Size(L),6063
OUTLIERS,Engine Size(L),6073
OUTLIERS,Engine Size(L),6078
OUTLIERS,Engine Size(L),6082
OUTLIERS,Engine Size(L),6088
OUTLIERS,Engine Size(L),6187
OUTLIERS,Engine Size(L),6188
OUTLIERS,Engine Size(L),6189
OUTLIERS,Engine Size(L),6190
OUTLIERS,Engine Size(L),6214
OUTLIERS,Engine Size(L),6272
OUTLIERS,Engine Size(L),6299
OUTLIERS,Engine Size(L),6300
OUTLIERS,Engine Size(L),6301
OUTLIERS,Engine Size(L),6378
OUTLIERS,Engine Size(L),6379
OUTLIERS,Engine Size(L),6381
OUTLIERS,Engine Size(L),6382
OUTLIERS,Engine Size(L),6386
OUTLIERS,Engine Size(L),6387
OUTLIERS,Engine Size(L),6391
OUTLIERS,Engine Size(L),6392
OUTLIERS,Engine Size(L),6394
OUTLIERS,Engine Size(L),6395
OUTLIERS,Engine Size(L),6396
OUTLIERS,Engine Size(L),6397
OUTLIERS,Engine Size(L),6398
OUTLIERS,Engine Size(L),6399
OUTLIERS,Engine Size(L),6400
OUTLIERS,Engine Size(L),6448
OUTLIERS,Engine Size(L),6456
OUTLIERS,Engine Size(L),6458
OUTLIERS,Engine Size(L),6521
OUTLIERS,Engine Size(L),6522
OUTLIERS,Engine Size(L),6543
OUTLIERS,Engine Size(L),6544
OUTLIERS,Engine Size(L),6560
OUTLIERS,Engine Size(L),6562
OUTLIERS,Engine Size(L),6564
OUTLIERS,Engine Size(L),6565
OUTLIERS,Engine Size(L),6609
OUTLIERS,Engine Size(L),6640
OUTLIERS,Engine Size(L),6666
OUTLIERS,Engine Size(L),6681
OUTLIERS,Engine Size(L),6682
OUTLIERS,Engine Size(L),6683
OUTLIERS,Engine Size(L),6684
OUTLIERS,Engine Size(L),6693
OUTLIERS,Engine Size(L),6705
OUTLIERS,Engine Size(L),6706
OUTLIERS,Engine Size(L),6707
OUTLIERS,Engine Size(L),6708
OUTLIERS,Engine Size(L),6714
OUTLIERS,Engine Size(L),6715
OUTLIERS,Engine Size(L),6716
OUTLIERS,Engine Size(L),6717
OUTLIERS,Engine Size(L),6718
OUTLIERS,Engine Size(L),6719
OUTLIERS,Engine Size(L),6720
OUTLIERS,Engine Size(L),6721
OUTLIERS,Engine Size(L),6722
OUTLIERS,Engine Size(L),6723
OUTLIERS,Engine Size(L),6726
OUTLIERS,Engine Size(L),6727
OUTLIERS,Engine Size(L),6728
OUTLIERS,Engine Size(L),6729
OUTLIERS,Engine Size(L),6730
OUTLIERS,Engine Size(L),6731
OUTLIERS,Engine Size(L),6732
OUTLIERS,Engine Size(L),6733
OUTLIERS,Engine Size(L),6734
OUTLIERS,Engine Size(L),6735
OUTLIERS,Engine Size(L),6736
OUTLIERS,Engine Size(L),6737
OUTLIERS,Engine Size(L),6738
OUTLIERS,Engine Size(L),6739
OUTLIERS,Engine Size(L),6745
OUTLIERS,Engine Size(L),6750
OUTLIERS,Engine Size(L),6751
OUTLIERS,Engine Size(L),6752
OUTLIERS,Engine Size(L),6753
OUTLIERS,Engine Size(L),6755
OUTLIERS,Engine Size(L),6756
OUTLIERS,Engine Size(L),6757
OUTLIERS,Engine Size(L),6758
OUTLIERS,Engine Size(L),6759
OUTLIERS,Engine Size(L),6760
OUTLIERS,Engine Size(L),6763
OUTLIERS,Engine Size(L),6764
OUTLIERS,Engine Size(L),6766
OUTLIERS,Engine Size(L),6767
OUTLIERS,Engine Size(L),6769
OUTLIERS,Engine Size(L),6770
OUTLIERS,Engine Size(L),6799
OUTLIERS,Engine Size(L),6800
OUTLIERS,Engine Size(L),6801
OUTLIERS,Engine Size(L),6802
OUTLIERS,Engine Size(L),6803
OUTLIERS,Engine Size(L),6804
OUTLIERS,Engine Size(L),6812
OUTLIERS,Engine Size(L),6813
OUTLIERS,Engine Size(L),6822
OUTLIERS,Engine Size(L),6823
OUTLIERS,Engine Size(L),6824
OUTLIERS,Engine Size(L),6829
OUTLIERS,Engine Size(L),6831
OUTLIERS,Engine Size(L),6832
OUTLIERS,Engine Size(L),6850
OUTLIERS,Engine Size(L),6852
OUTLIERS,Engine Size(L),6868
OUTLIERS,Engine Size(L),6869
OUTLIERS,Engine Size(L),6870
OUTLIERS,Engine Size(L),6871
OUTLIERS,Engine Size(L),6877
OUTLIERS,Engine Size(L),6878
OUTLIERS,Engine Size(L),6879
OUTLIERS,Engine Size(L),6880
OUTLIERS,Engine Size(L),6881
OUTLIERS,Engine Size(L),6882
OUTLIERS,Engine Size(L),6883
OUTLIERS,Engine Size(L),6884
OUTLIERS,Engine Size(L),6885
OUTLIERS,Engine Size(L),6886
OUTLIERS,Engine Size(L),6890
OUTLIERS,Engine Size(L),6891
OUTLIERS,Engine Size(L),6892
OUTLIERS,Engine Size(L),6893
OUTLIERS,Engine Size(L),6894
OUTLIERS,Engine Size(L),6895
OUTLIERS,Engine Size(L),6896
OUTLIERS,Engine Size(L),6897
OUTLIERS,Engine Size(L),6898
OUTLIERS,Engine Size(L),6899
OUTLIERS,Engine Size(L),6900
OUTLIERS,Engine Size(L),6901
OUTLIERS,Engine Size(L),6902
OUTLIERS,Engine Size(L),6903
OUTLIERS,Engine Size(L),6977
OUTLIERS,Engine Size(L),6983
OUTLIERS,Engine Size(L),6988
OUTLIERS,Engine Size(L),6989
OUTLIERS,Engine Size(L),6994
OUTLIERS,Engine Size(L),6995
OUTLIERS,Engine Size(L),7018
OUTLIERS,Engine Size(L),7019
OUTLIERS,Engine Size(L),7020
OUTLIERS,Engine Size(L),7058
OUTLIERS,Engine Size(L),7059
OUTLIERS,Engine Size(L),7060
OUTLIERS,Engine Size(L),7061
OUTLIERS,Engine Size(L),7062
OUTLIERS,Engine Size(L),7063
OUTLIERS,Engine Size(L),7071
OUTLIERS,Engine Size(L),7072
OUTLIERS,Engine Size(L),7073
OUTLIERS,Engine Size(L),7074
OUTLIERS,Engine Size(L),7077
OUTLIERS,Engine Size(L),7078
OUTLIERS,Engine Size(L),7085
OUTLIERS,Engine Size(L),7090
OUTLIERS,Engine Size(L),7095
OUTLIERS,Engine Size(L),7099
OUTLIERS,Engine Size(L),7105
OUTLIERS,Engine Size(L),7182
OUTLIERS,Engine Size(L),7192
OUTLIERS,Engine Size(L),7226
OUTLIERS,Engine Size(L),7246
OUTLIERS,Engine Size(L),7247
OUTLIERS,Engine Size(L),7274
OUTLIERS,Engine Size(L),7275
OUTLIERS,Engine Size(L),7278
OUTLIERS,Engine Size(L),7279
OUTLIERS,Engine Size(L),7281
OUTLIERS,Engine Size(L),7283
OUTLIERS,Engine Size(L),7285
OUTLIERS,Engine Size(L),7286
OUTLIERS,Engine Size(L),7287
OUTLIERS,Engine Size(L),7288
OUTLIERS,Engine Size(L),7289
OUTLIERS,Engine Size(L),7290
OUTLIERS,Engine Size(L),7291
OUTLIERS,Engine Size(L),7292
OUTLIERS,Engine Size(L),7348
OUTLIERS,Engine Size(L),7356
OUTLIERS,Engine Size(L),7357
OUTLIERS,Fuel Consumption City (L/100 km),46
OUTLIERS,Fuel Consumption City (L/100 km),48
OUTLIERS,Fuel Consumption City (L/100 km),50
OUTLIERS,Fuel Consumption City (L/100 km),52
OUTLIERS,Fuel Consumption City (L/100 km),75
OUTLIERS,Fuel Consumption City (L/100 km),180
OUTLIERS,Fuel Consumption City (L/100 km),182
OUTLIERS,Fuel Consumption City (L/100 km),212
OUTLIERS,Fuel Consumption City (L/100 km),214
OUTLIERS,Fuel Consumption City (L/100 km),216
OUTLIERS,Fuel Consumption City (L/100 km),218
OUTLIERS,Fuel Consumption City (L/100 km),220
OUTLIERS,Fuel Consumption City (L/100 km),222
OUTLIERS,Fuel Consumption City (L/100 km),223
OUTLIERS,Fuel Consumption City (L/100 km),224
OUTLIERS,Fuel Consumption City (L/100 km),225
OUTLIERS,Fuel Consumption City (L/100 km),226
OUTLIERS,Fuel Consumption City (L/100 km),227
OUTLIERS,Fuel Consumption City (L/100 km),228
OUTLIERS,Fuel Consumption City (L/100 km),262
OUTLIERS,Fuel Consumption City (L/100 km),264
OUTLIERS,Fuel Consumption City (L/100 km),266
OUTLIERS,Fuel Consumption City (L/100 km),268
OUTLIERS,Fuel Consumption City (L/100 km),344
OUTLIERS,Fuel Consumption City (L/100 km),346
OUTLIERS,Fuel Consumption City (L/100 km),348
OUTLIERS,Fuel Consumption City (L/100 km),349
OUTLIERS,Fuel Consumption City (L/100 km),351
OUTLIERS,Fuel Consumption City (L/100 km),362
OUTLIERS,Fuel Consumption City (L/100 km),380
OUTLIERS,Fuel Consumption City (L/100 km),382
OUTLIERS,Fuel Consumption City (L/100 km),388
OUTLIERS,Fuel Consumption City (L/100 km),390
OUTLIERS,Fuel Consumption City (L/100 km),436
OUTLIERS,Fuel Consumption City (L/100 km),438
OUTLIERS,Fuel Consumption City (L/100 km),440
OUTLIERS,Fuel Consumption City (L/100 km),442
OUTLIERS,Fuel Consumption City (L/100 km),444
OUTLIERS,Fuel Consumption City (L/100 km),446
OUTLIERS,Fuel Consumption City (L/100 km),447
OUTLIERS,Fuel Consumption City (L/100 km),448
OUTLIERS,Fuel Consumption City (L/100 km),449
OUTLIERS,Fuel Consumption City (L/100 km),450
OUTLIERS,Fuel Consumption City (L/100 km),451
OUTLIERS,Fuel Consumption City (L/100 km),452
OUTLIERS,Fuel Consumption City (L/100 km),470
OUTLIERS,Fuel Consumption City (L/100 km),472
OUTLIERS,Fuel Consumption City (L/100 km),474
OUTLIERS,Fuel Consumption City (L/100 km),476
OUTLIERS,Fuel Consumption City (L/100 km),478
OUTLIERS,Fuel Consumption City (L/100 km),480
OUTLIERS,Fuel Consumption City (L/100 km),553
OUTLIERS,Fuel Consumption City (L/100 km),637
OUTLIERS,Fuel Consumption City (L/100 km),646
OUTLIERS,Fuel Consumption City (L/100 km),652
OUTLIERS,Fuel Consumption City (L/100 km),658
OUTLIERS,Fuel Consumption City (L/100 km),691
OUTLIERS,Fuel Consumption City (L/100 km),1155
OUTLIERS,Fuel Consumption City (L/100 km),1322
OUTLIERS,Fuel Consumption City (L/100 km),1323
OUTLIERS,Fuel Consumption City (L/100 km),1324
OUTLIERS,Fuel Consumption City (L/100 km),1325
OUTLIERS,Fuel Consumption City (L/100 km),1326
OUTLIERS,Fuel Consumption City (L/100 km),1327
OUTLIERS,Fuel Consumption City (L/100 km),1328
OUTLIERS,Fuel Consumption City (L/100 km),1329
OUTLIERS,Fuel Consumption City (L/100 km),1362
OUTLIERS,Fuel Consumption City (L/100 km),1476
OUTLIERS,Fuel Consumption City (L/100 km),1509
OUTLIERS,Fuel Consumption City (L/100 km),1527
OUTLIERS,Fuel Consumption City (L/100 km),1528
OUTLIERS,Fuel Consumption City (L/100 km),1529
OUTLIERS,Fuel Consumption City (L/100 km),1530
OUTLIERS,Fuel Consumption City (L/100 km),1531
OUTLIERS,Fuel Consumption City (L/100 km),1532
OUTLIERS,Fuel Consumption City (L/100 km),1533
OUTLIERS,Fuel Consumption City (L/100 km),1534
OUTLIERS,Fuel Consumption City (L/100 km),1560
OUTLIERS,Fuel Consumption City (L/100 km),1649
OUTLIERS,Fuel Consumption City (L/100 km),1742
OUTLIERS,Fuel Consumption City (L/100 km),1743
OUTLIERS,Fuel Consumption City (L/100 km),1745
OUTLIERS,Fuel Consumption City (L/100 km),1750
OUTLIERS,Fuel Consumption City (L/100 km),1752
OUTLIERS,Fuel Consumption City (L/100 km),1757
OUTLIERS,Fuel Consumption City (L/100 km),2268
OUTLIERS,Fuel Consumption City (L/100 km),2433
OUTLIERS,Fuel Consumption City (L/100 km),2434
OUTLIERS,Fuel Consumption City (L/100 km),2476
OUTLIERS,Fuel Consumption City (L/100 km),2599
OUTLIERS,Fuel Consumption City (L/100 km),2601
OUTLIERS,Fuel Consumption City (L/100 km),2636
OUTLIERS,Fuel Consumption City (L/100 km),2662
OUTLIERS,Fuel Consumption City (L/100 km),2663
OUTLIERS,Fuel Consumption City (L/100 km),2696
OUTLIERS,Fuel Consumption City (L/100 km),2872
OUTLIERS,Fuel Consumption City (L/100 km),2873
OUTLIERS,Fuel Consumption City (L/100 km),2971
OUTLIERS,Fuel Consumption City (L/100 km),3331
OUTLIERS,Fuel Consumption City (L/100 km),3375
OUTLIERS,Fuel Consumption City (L/100 km),3376
OUTLIERS,Fuel Consumption City (L/100 km),3524
OUTLIERS,Fuel Consumption City (L/100 km),3525
OUTLIERS,Fuel Consumption City (L/100 km),3562
OUTLIERS,Fuel Consumption City (L/100 km),3674
OUTLIERS,Fuel Consumption City (L/100 km),3676
OUTLIERS,Fuel Consumption City (L/100 km),3678
OUTLIERS,Fuel Consumption City (L/100 km),3720
OUTLIERS,Fuel Consumption City (L/100 km),3746
OUTLIERS,Fuel Consumption City (L/100 km),3747
OUTLIERS,Fuel Consumption City (L/100 km),3781
OUTLIERS,Fuel Consumption City (L/100 km),3958
OUTLIERS,Fuel Consumption City (L/100 km),3959
OUTLIERS,Fuel Consumption City (L/100 km),3960
OUTLIERS,Fuel Consumption City (L/100 km),3961
OUTLIERS,Fuel Consumption City (L/100 km),4049
OUTLIERS,Fuel Consumption City (L/100 km),4509
OUTLIERS,Fuel Consumption City (L/100 km),4601
OUTLIERS,Fuel Consumption City (L/100 km),4620
OUTLIERS,Fuel Consumption City (L/100 km),4759
OUTLIERS,Fuel Consumption City (L/100 km),4830
OUTLIERS,Fuel Consumption City (L/100 km),4851
OUTLIERS,Fuel Consumption City (L/100 km),5025
OUTLIERS,Fuel Consumption City (L/100 km),5026
OUTLIERS,Fuel Consumption City (L/100 km),5027
OUTLIERS,Fuel Consumption City (L/100 km),5028
OUTLIERS,Fuel Consumption City (L/100 km),5126
OUTLIERS,Fuel Consumption City (L/100 km),5511
OUTLIERS,Fuel Consumption City (L/100 km),5575
OUTLIERS,Fuel Consumption City (L/100 km),5654
OUTLIERS,Fuel Consumption City (L/100 km),5661
OUTLIERS,Fuel Consumption City (L/100 km),5672
OUTLIERS,Fuel Consumption City (L/100 km),5675
OUTLIERS,Fuel Consumption City (L/100 km),5679
OUTLIERS,Fuel Consumption City (L/100 km),5682
OUTLIERS,Fuel Consumption City (L/100 km),5789
OUTLIERS,Fuel Consumption City (L/100 km),5850
OUTLIERS,Fuel Consumption City (L/100 km),5856
OUTLIERS,Fuel Consumption City (L/100 km),5870
OUTLIERS,Fuel Consumption City (L/100 km),5873
OUTLIERS,Fuel Consumption City (L/100 km),5877
OUTLIERS,Fuel Consumption City (L/100 km),5880
OUTLIERS,Fuel Consumption City (L/100 km),6045
OUTLIERS,Fuel Consumption City (L/100 km),6046
OUTLIERS,Fuel Consumption City (L/100 km),6640
OUTLIERS,Fuel Consumption City (L/100 km),6707
OUTLIERS,Fuel Consumption City (L/100 km),6716
OUTLIERS,Fuel Consumption City (L/100 km),6728
OUTLIERS,Fuel Consumption City (L/100 km),6731
OUTLIERS,Fuel Consumption City (L/100 km),6735
OUTLIERS,Fuel Consumption City (L/100 km),6738
OUTLIERS,Fuel Consumption City (L/100 km),6834
OUTLIERS,Fuel Consumption City (L/100 km),6836
OUTLIERS,Fuel Consumption City (L/100 km),6870
OUTLIERS,Fuel Consumption City (L/100 km),6879
OUTLIERS,Fuel Consumption City (L/100 km),6892
OUTLIERS,Fuel Consumption City (L/100 km),6895
OUTLIERS,Fuel Consumption City (L/100 km),6899
OUTLIERS,Fuel Consumption City (L/100 km),6902
OUTLIERS,Fuel Consumption City (L/100 km),7058
OUTLIERS,Fuel Consumption City (L/100 km),7059
OUTLIERS,Fuel Consumption Hwy (L/100 km),180
OUTLIERS,Fuel Consumption Hwy (L/100 km),182
OUTLIERS,Fuel Consumption Hwy (L/100 km),212
OUTLIERS,Fuel Consumption Hwy (L/100 km),214
OUTLIERS,Fuel Consumption Hwy (L/100 km),216
OUTLIERS,Fuel Consumption Hwy (L/100 km),218
OUTLIERS,Fuel Consumption Hwy (L/100 km),220
OUTLIERS,Fuel Consumption Hwy (L/100 km),222
OUTLIERS,Fuel Consumption Hwy (L/100 km),224
OUTLIERS,Fuel Consumption Hwy (L/100 km),225
OUTLIERS,Fuel Consumption Hwy (L/100 km),227
OUTLIERS,Fuel Consumption Hwy (L/100 km),228
OUTLIERS,Fuel Consumption Hwy (L/100 km),243
OUTLIERS,Fuel Consumption Hwy (L/100 km),344
OUTLIERS,Fuel Consumption Hwy (L/100 km),346
OUTLIERS,Fuel Consumption Hwy (L/100 km),348
OUTLIERS,Fuel Consumption Hwy (L/100 km),349
OUTLIERS,Fuel Consumption Hwy (L/100 km),350
OUTLIERS,Fuel Consumption Hwy (L/100 km),351
OUTLIERS,Fuel Consumption Hwy (L/100 km),362
OUTLIERS,Fuel Consumption Hwy (L/100 km),380
OUTLIERS,Fuel Consumption Hwy (L/100 km),382
OUTLIERS,Fuel Consumption Hwy (L/100 km),384
OUTLIERS,Fuel Consumption Hwy (L/100 km),386
OUTLIERS,Fuel Consumption Hwy (L/100 km),388
OUTLIERS,Fuel Consumption Hwy (L/100 km),390
OUTLIERS,Fuel Consumption Hwy (L/100 km),391
OUTLIERS,Fuel Consumption Hwy (L/100 km),436
OUTLIERS,Fuel Consumption Hwy (L/100 km),438
OUTLIERS,Fuel Consumption Hwy (L/100 km),440
OUTLIERS,Fuel Consumption Hwy (L/100 km),442
OUTLIERS,Fuel Consumption Hwy (L/100 km),444
OUTLIERS,Fuel Consumption Hwy (L/100 km),446
OUTLIERS,Fuel Consumption Hwy (L/100 km),448
OUTLIERS,Fuel Consumption Hwy (L/100 km),449
OUTLIERS,Fuel Consumption Hwy (L/100 km),451
OUTLIERS,Fuel Consumption Hwy (L/100 km),452
OUTLIERS,Fuel Consumption Hwy (L/100 km),459
OUTLIERS,Fuel Consumption Hwy (L/100 km),474
OUTLIERS,Fuel Consumption Hwy (L/100 km),476
OUTLIERS,Fuel Consumption Hwy (L/100 km),646
OUTLIERS,Fuel Consumption Hwy (L/100 km),652
OUTLIERS,Fuel Consumption Hwy (L/100 km),658
OUTLIERS,Fuel Consumption Hwy (L/100 km),691
OUTLIERS,Fuel Consumption Hwy (L/100 km),758
OUTLIERS,Fuel Consumption Hwy (L/100 km),759
OUTLIERS,Fuel Consumption Hwy (L/100 km),1325
OUTLIERS,Fuel Consumption Hwy (L/100 km),1327
OUTLIERS,Fuel Consumption Hwy (L/100 km),1328
OUTLIERS,Fuel Consumption Hwy (L/100 km),1329
OUTLIERS,Fuel Consumption Hwy (L/100 km),1341
OUTLIERS,Fuel Consumption Hwy (L/100 km),1362
OUTLIERS,Fuel Consumption Hwy (L/100 km),1476
OUTLIERS,Fuel Consumption Hwy (L/100 km),1509
OUTLIERS,Fuel Consumption Hwy (L/100 km),1530
OUTLIERS,Fuel Consumption Hwy (L/100 km),1532
OUTLIERS,Fuel Consumption Hwy (L/100 km),1533
OUTLIERS,Fuel Consumption Hwy (L/100 km),1534
OUTLIERS,Fuel Consumption Hwy (L/100 km),1541
OUTLIERS,Fuel Consumption Hwy (L/100 km),1560
OUTLIERS,Fuel Consumption Hwy (L/100 km),1750
OUTLIERS,Fuel Consumption Hwy (L/100 km),1752
OUTLIERS,Fuel Consumption Hwy (L/100 km),1757
OUTLIERS,Fuel Consumption Hwy (L/100 km),1854
OUTLIERS,Fuel Consumption Hwy (L/100 km),1855
OUTLIERS,Fuel Consumption Hwy (L/100 km),2434
OUTLIERS,Fuel Consumption Hwy (L/100 km),2453
OUTLIERS,Fuel Consumption Hwy (L/100 km),2476
OUTLIERS,Fuel Consumption Hwy (L/100 km),2599
OUTLIERS,Fuel Consumption Hwy (L/100 km),2601
OUTLIERS,Fuel Consumption Hwy (L/100 km),2636
OUTLIERS,Fuel Consumption Hwy (L/100 km),2663
OUTLIERS,Fuel Consumption Hwy (L/100 km),2673
OUTLIERS,Fuel Consumption Hwy (L/100 km),2696
OUTLIERS,Fuel Consumption Hwy (L/100 km),2970
OUTLIERS,Fuel Consumption Hwy (L/100 km),2971
OUTLIERS,Fuel Consumption Hwy (L/100 km),3002
OUTLIERS,Fuel Consumption Hwy (L/100 km),3543
OUTLIERS,Fuel Consumption Hwy (L/100 km),3562
OUTLIERS,Fuel Consumption Hwy (L/100 km),3674
OUTLIERS,Fuel Consumption Hwy (L/100 km),3676
OUTLIERS,Fuel Consumption Hwy (L/100 km),3678
OUTLIERS,Fuel Consumption Hwy (L/100 km),3720
OUTLIERS,Fuel Consumption Hwy (L/100 km),3759
OUTLIERS,Fuel Consumption Hwy (L/100 km),3781
OUTLIERS,Fuel Consumption Hwy (L/100 km),4048
OUTLIERS,Fuel Consumption Hwy (L/100 km),4049
OUTLIERS,Fuel Consumption Hwy (L/100 km),4081
OUTLIERS,Fuel Consumption Hwy (L/100 km),4509
OUTLIERS,Fuel Consumption Hwy (L/100 km),4598
OUTLIERS,Fuel Consumption Hwy (L/100 km),4601
OUTLIERS,Fuel Consumption Hwy (L/100 km),4620
OUTLIERS,Fuel Consumption Hwy (L/100 km),4753
OUTLIERS,Fuel Consumption Hwy (L/100 km),4756
OUTLIERS,Fuel Consumption Hwy (L/100 km),4759
OUTLIERS,Fuel Consumption Hwy (L/100 km),4827
OUTLIERS,Fuel Consumption Hwy (L/100 km),4830
OUTLIERS,Fuel Consumption Hwy (L/100 km),4851
OUTLIERS,Fuel Consumption Hwy (L/100 km),5125
OUTLIERS,Fuel Consumption Hwy (L/100 km),5126
OUTLIERS,Fuel Consumption Hwy (L/100 km),5161
OUTLIERS,Fuel Consumption Hwy (L/100 km),5575
OUTLIERS,Fuel Consumption Hwy (L/100 km),5654
OUTLIERS,Fuel Consumption Hwy (L/100 km),5661
OUTLIERS,Fuel Consumption Hwy (L/100 km),5675
OUTLIERS,Fuel Consumption Hwy (L/100 km),5785
OUTLIERS,Fuel Consumption Hwy (L/100 km),5787
OUTLIERS,Fuel Consumption Hwy (L/100 km),5789
OUTLIERS,Fuel Consumption Hwy (L/100 km),5850
OUTLIERS,Fuel Consumption Hwy (L/100 km),5856
OUTLIERS,Fuel Consumption Hwy (L/100 km),5880
OUTLIERS,Fuel Consumption Hwy (L/100 km),6045
OUTLIERS,Fuel Consumption Hwy (L/100 km),6046
OUTLIERS,Fuel Consumption Hwy (L/100 km),6167
OUTLIERS,Fuel Consumption Hwy (L/100 km),6640
OUTLIERS,Fuel Consumption Hwy (L/100 km),6707
OUTLIERS,Fuel Consumption Hwy (L/100 km),6716
OUTLIERS,Fuel Consumption Hwy (L/100 km),6731
OUTLIERS,Fuel Consumption Hwy (L/100 km),6804
OUTLIERS,Fuel Consumption Hwy (L/100 km),6834
OUTLIERS,Fuel Consumption Hwy (L/100 km),6836
OUTLIERS,Fuel Consumption Hwy (L/100 km),6870
OUTLIERS,Fuel Consumption Hwy (L/100 km),6879
OUTLIERS,Fuel Consumption Hwy (L/100 km),6902
OUTLIERS,Fuel Consumption Hwy (L/100 km),7058
OUTLIERS,Fuel Consumption Hwy (L/100 km),7059
OUTLIERS,Fuel Consumption Hwy (L/100 km),7175
OUTLIERS,Fuel Consumption Comb (L/100 km),75
OUTLIERS,Fuel Consumption Comb (L/100 km),180
OUTLIERS,Fuel Consumption Comb (L/100 km),182
OUTLIERS,Fuel Consumption Comb (L/100 km),212
OUTLIERS,Fuel Consumption Comb (L/100 km),214
OUTLIERS,Fuel Consumption Comb (L/100 km),216
OUTLIERS,Fuel Consumption Comb (L/100 km),218
OUTLIERS,Fuel Consumption Comb (L/100 km),220
OUTLIERS,Fuel Consumption Comb (L/100 km),222
OUTLIERS,Fuel Consumption Comb (L/100 km),224
OUTLIERS,Fuel Consumption Comb (L/100 km),225
OUTLIERS,Fuel Consumption Comb (L/100 km),226
OUTLIERS,Fuel Consumption Comb (L/100 km),227
OUTLIERS,Fuel Consumption Comb (L/100 km),228
OUTLIERS,Fuel Consumption Comb (L/100 km),262
OUTLIERS,Fuel Consumption Comb (L/100 km),264
OUTLIERS,Fuel Consumption Comb (L/100 km),266
OUTLIERS,Fuel Consumption Comb (L/100 km),268
OUTLIERS,Fuel Consumption Comb (L/100 km),344
OUTLIERS,Fuel Consumption Comb (L/100 km),346
OUTLIERS,Fuel Consumption Comb (L/100 km),348
OUTLIERS,Fuel Consumption Comb (L/100 km),349
OUTLIERS,Fuel Consumption Comb (L/100 km),350
OUTLIERS,Fuel Consumption Comb (L/100 km),351
OUTLIERS,Fuel Consumption Comb (L/100 km),362
OUTLIERS,Fuel Consumption Comb (L/100 km),380
OUTLIERS,Fuel Consumption Comb (L/100 km),382
OUTLIERS,Fuel Consumption Comb (L/100 km),388
OUTLIERS,Fuel Consumption Comb (L/100 km),390
OUTLIERS,Fuel Consumption Comb (L/100 km),436
OUTLIERS,Fuel Consumption Comb (L/100 km),438
OUTLIERS,Fuel Consumption Comb (L/100 km),440
OUTLIERS,Fuel Consumption Comb (L/100 km),442
OUTLIERS,Fuel Consumption Comb (L/100 km),444
OUTLIERS,Fuel Consumption Comb (L/100 km),446
OUTLIERS,Fuel Consumption Comb (L/100 km),448
OUTLIERS,Fuel Consumption Comb (L/100 km),449
OUTLIERS,Fuel Consumption Comb (L/100 km),450
OUTLIERS,Fuel Consumption Comb (L/100 km),451
OUTLIERS,Fuel Consumption Comb (L/100 km),452
OUTLIERS,Fuel Consumption Comb (L/100 km),470
OUTLIERS,Fuel Consumption Comb (L/100 km),472
OUTLIERS,Fuel Consumption Comb (L/100 km),474
OUTLIERS,Fuel Consumption Comb (L/100 km),476
OUTLIERS,Fuel Consumption Comb (L/100 km),478
OUTLIERS,Fuel Consumption Comb (L/100 km),480
OUTLIERS,Fuel Consumption Comb (L/100 km),637
OUTLIERS,Fuel Consumption Comb (L/100 km),646
OUTLIERS,Fuel Consumption Comb (L/100 km),652
OUTLIERS,Fuel Consumption Comb (L/100 km),658
OUTLIERS,Fuel Consumption Comb (L/100 km),691
OUTLIERS,Fuel Consumption Comb (L/100 km),758
OUTLIERS,Fuel Consumption Comb (L/100 km),1155
OUTLIERS,Fuel Consumption Comb (L/100 km),1323
OUTLIERS,Fuel Consumption Comb (L/100 km),1324
OUTLIERS,Fuel Consumption Comb (L/100 km),1325
OUTLIERS,Fuel Consumption Comb (L/100 km),1327
OUTLIERS,Fuel Consumption Comb (L/100 km),1328
OUTLIERS,Fuel Consumption Comb (L/100 km),1329
OUTLIERS,Fuel Consumption Comb (L/100 km),1362
OUTLIERS,Fuel Consumption Comb (L/100 km),1476
OUTLIERS,Fuel Consumption Comb (L/100 km),1509
OUTLIERS,Fuel Consumption Comb (L/100 km),1528
OUTLIERS,Fuel Consumption Comb (L/100 km),1529
OUTLIERS,Fuel Consumption Comb (L/100 km),1530
OUTLIERS,Fuel Consumption Comb (L/100 km),1532
OUTLIERS,Fuel Consumption Comb (L/100 km),1533
OUTLIERS,Fuel Consumption Comb (L/100 km),1534
OUTLIERS,Fuel Consumption Comb (L/100 km),1560
OUTLIERS,Fuel Consumption Comb (L/100 km),1743
OUTLIERS,Fuel Consumption Comb (L/100 km),1745
OUTLIERS,Fuel Consumption Comb (L/100 km),1750
OUTLIERS,Fuel Consumption Comb (L/100 km),1752
OUTLIERS,Fuel Consumption Comb (L/100 km),1757
OUTLIERS,Fuel Consumption Comb (L/100 km),1854
OUTLIERS,Fuel Consumption Comb (L/100 km),1855
OUTLIERS,Fuel Consumption Comb (L/100 km),2433
OUTLIERS,Fuel Consumption Comb (L/100 km),2434
OUTLIERS,Fuel Consumption Comb (L/100 km),2476
OUTLIERS,Fuel Consumption Comb (L/100 km),2599
OUTLIERS,Fuel Consumption Comb (L/100 km),2601
OUTLIERS,Fuel Consumption Comb (L/100 km),2636
OUTLIERS,Fuel Consumption Comb (L/100 km),2662
OUTLIERS,Fuel Consumption Comb (L/100 km),2663
OUTLIERS,Fuel Consumption Comb (L/100 km),2696
OUTLIERS,Fuel Consumption Comb (L/100 km),2873
OUTLIERS,Fuel Consumption Comb (L/100 km),2970
OUTLIERS,Fuel Consumption Comb (L/100 km),2971
OUTLIERS,Fuel Consumption Comb (L/100 km),3331
OUTLIERS,Fuel Consumption Comb (L/100 km),3376
OUTLIERS,Fuel Consumption Comb (L/100 km),3524
OUTLIERS,Fuel Consumption Comb (L/100 km),3525
OUTLIERS,Fuel Consumption Comb (L/100 km),3562
OUTLIERS,Fuel Consumption Comb (L/100 km),3674
OUTLIERS,Fuel Consumption Comb (L/100 km),3676
OUTLIERS,Fuel Consumption Comb (L/100 km),3678
OUTLIERS,Fuel Consumption Comb (L/100 km),3720
OUTLIERS,Fuel Consumption Comb (L/100 km),3746
OUTLIERS,Fuel Consumption Comb (L/100 km),3747
OUTLIERS,Fuel Consumption Comb (L/100 km),3781
OUTLIERS,Fuel Consumption Comb (L/100 km),3959
OUTLIERS,Fuel Consumption Comb (L/100 km),3960
OUTLIERS,Fuel Consumption Comb (L/100 km),3961
OUTLIERS,Fuel Consumption Comb (L/100 km),4048
OUTLIERS,Fuel Consumption Comb (L/100 km),4049
OUTLIERS,Fuel Consumption Comb (L/100 km),4509
OUTLIERS,Fuel Consumption Comb (L/100 km),4601
OUTLIERS,Fuel Consumption Comb (L/100 km),4620
OUTLIERS,Fuel Consumption Comb (L/100 km),4759
OUTLIERS,Fuel Consumption Comb (L/100 km),4830
OUTLIERS,Fuel Consumption Comb (L/100 km),4851
OUTLIERS,Fuel Consumption Comb (L/100 km),5025
OUTLIERS,Fuel Consumption Comb (L/100 km),5026
OUTLIERS,Fuel Consumption Comb (L/100 km),5027
OUTLIERS,Fuel Consumption Comb (L/100 km),5028
OUTLIERS,Fuel Consumption Comb (L/100 km),5126
OUTLIERS,Fuel Consumption Comb (L/100 km),5511
OUTLIERS,Fuel Consumption Comb (L/100 km),5575
OUTLIERS,Fuel Consumption Comb (L/100 km),5654
OUTLIERS,Fuel Consumption Comb (L/100 km),5661
OUTLIERS,Fuel Consumption Comb (L/100 km),5675
OUTLIERS,Fuel Consumption Comb (L/100 km),5682
OUTLIERS,Fuel Consumption Comb (L/100 km),5789
OUTLIERS,Fuel Consumption Comb (L/100 km),5850
OUTLIERS,Fuel Consumption Comb (L/100 km),5856
OUTLIERS,Fuel Consumption Comb (L/100 km),5873
OUTLIERS,Fuel Consumption Comb (L/100 km),5880
OUTLIERS,Fuel Consumption Comb (L/100 km),6045
OUTLIERS,Fuel Consumption Comb (L/100 km),6046
OUTLIERS,Fuel Consumption Comb (L/100 km),6640
OUTLIERS,Fuel Consumption Comb (L/100 km),6707
OUTLIERS,Fuel Consumption Comb (L/100 km),6716
OUTLIERS,Fuel Consumption Comb (L/100 km),6731
OUTLIERS,Fuel Consumption Comb (L/100 km),6738
OUTLIERS,Fuel Consumption Comb (L/100 km),6834
OUTLIERS,Fuel Consumption Comb (L/100 km),6836
OUTLIERS,Fuel Consumption Comb (L/100 km),6870
OUTLIERS,Fuel Consumption Comb (L/100 km),6879
OUTLIERS,Fuel Consumption Comb (L/100 km),6895
OUTLIERS,Fuel Consumption Comb (L/100 km),6902
OUTLIERS,Fuel Consumption Comb (L/100 km),7058
OUTLIERS,Fuel Consumption Comb (L/100 km),7059
